-- MySQL dump 10.13  Distrib 8.0.28, for Win64 (x86_64)
--
-- Host: localhost    Database: echo_sns
-- ------------------------------------------------------
-- Server version	8.0.28

/*!40101 SET @OLD_CHARACTER_SET_CLIENT=@@CHARACTER_SET_CLIENT */;
/*!40101 SET @OLD_CHARACTER_SET_RESULTS=@@CHARACTER_SET_RESULTS */;
/*!40101 SET @OLD_COLLATION_CONNECTION=@@COLLATION_CONNECTION */;
/*!50503 SET NAMES utf8 */;
/*!40103 SET @OLD_TIME_ZONE=@@TIME_ZONE */;
/*!40103 SET TIME_ZONE='+00:00' */;
/*!40014 SET @OLD_UNIQUE_CHECKS=@@UNIQUE_CHECKS, UNIQUE_CHECKS=0 */;
/*!40014 SET @OLD_FOREIGN_KEY_CHECKS=@@FOREIGN_KEY_CHECKS, FOREIGN_KEY_CHECKS=0 */;
/*!40101 SET @OLD_SQL_MODE=@@SQL_MODE, SQL_MODE='NO_AUTO_VALUE_ON_ZERO' */;
/*!40111 SET @OLD_SQL_NOTES=@@SQL_NOTES, SQL_NOTES=0 */;

--
-- Table structure for table `api_account`
--

DROP TABLE IF EXISTS `api_account`;
/*!40101 SET @saved_cs_client     = @@character_set_client */;
/*!50503 SET character_set_client = utf8mb4 */;
CREATE TABLE `api_account` (
  `id` varchar(3) NOT NULL,
  `flag` tinyint(1) NOT NULL,
  `last_date` timestamp NULL DEFAULT NULL,
  `quata` int DEFAULT NULL,
  PRIMARY KEY (`id`)
) ENGINE=InnoDB DEFAULT CHARSET=utf8mb4 COLLATE=utf8mb4_0900_ai_ci;
/*!40101 SET character_set_client = @saved_cs_client */;

--
-- Dumping data for table `api_account`
--

LOCK TABLES `api_account` WRITE;
/*!40000 ALTER TABLE `api_account` DISABLE KEYS */;
INSERT INTO `api_account` VALUES ('A01',1,'2023-02-10 03:53:19',101),('A02',1,'2023-02-10 03:56:18',0),('A03',1,'2023-02-10 03:53:19',0),('A04',1,'2023-02-10 03:53:19',0),('A05',1,'2023-02-10 03:53:19',0);
/*!40000 ALTER TABLE `api_account` ENABLE KEYS */;
UNLOCK TABLES;

--
-- Table structure for table `comment`
--

DROP TABLE IF EXISTS `comment`;
/*!40101 SET @saved_cs_client     = @@character_set_client */;
/*!50503 SET character_set_client = utf8mb4 */;
CREATE TABLE `comment` (
  `RESPONSE_ID` varchar(20) CHARACTER SET utf8 COLLATE utf8_general_ci NOT NULL,
  `VIEW_USER` varchar(20) CHARACTER SET utf8 COLLATE utf8_general_ci NOT NULL,
  `COMMENT_ID` varchar(20) CHARACTER SET utf8 COLLATE utf8_general_ci NOT NULL,
  `COMMENT` varchar(48) CHARACTER SET utf8mb4 COLLATE utf8mb4_0900_ai_ci DEFAULT NULL,
  `SUBMIT_TIME` datetime DEFAULT CURRENT_TIMESTAMP,
  `RESPONSE_CREATER` varchar(20) CHARACTER SET utf8 COLLATE utf8_general_ci NOT NULL,
  `NOTIFICATION` tinyint(1) NOT NULL DEFAULT '1',
  PRIMARY KEY (`RESPONSE_CREATER`,`RESPONSE_ID`,`VIEW_USER`,`COMMENT_ID`),
  KEY `A_idx` (`RESPONSE_CREATER`),
  CONSTRAINT `comment_ibfk_1` FOREIGN KEY (`RESPONSE_CREATER`, `RESPONSE_ID`, `VIEW_USER`) REFERENCES `view_response` (`RESPONSE_CREATER`, `RESPONSE_ID`, `VIEW_USER`) ON DELETE CASCADE ON UPDATE CASCADE
) ENGINE=InnoDB DEFAULT CHARSET=utf8mb4 COLLATE=utf8mb4_0900_ai_ci;
/*!40101 SET character_set_client = @saved_cs_client */;

--
-- Dumping data for table `comment`
--

LOCK TABLES `comment` WRITE;
/*!40000 ALTER TABLE `comment` DISABLE KEYS */;
INSERT INTO `comment` VALUES ('R000108','U00000002','C00002','あ','2023-02-10 11:08:42','U00000001',1),('R000108','U00000002','C00003','ｈｄｒｇ','2023-02-10 11:08:46','U00000001',1),('R000108','U00000002','C00004','ｈｄｈ','2023-02-10 11:08:48','U00000001',1),('R000108','U00000002','C00005','ｈｔｈｔ','2023-02-10 11:08:49','U00000001',1),('R000108','U00000002','C00006','ｈｔ','2023-02-10 11:08:50','U00000001',1),('R000030','U00000003','C00002','ｊｈｙｄｔｊｈｔんｄｘｔｒ','2023-02-10 11:20:08','U00000002',1),('R000031','U00000003','C00001','ごりらあああああああ','2023-02-10 11:19:21','U00000002',1),('R000032','U00000002','C00001','自演おつ','2023-02-10 11:06:43','U00000002',0),('R000032','U00000003','C00003','gorigori','2023-02-10 13:18:06','U00000002',0),('R000017','U00000002','C00007','こんちわ','2023-02-10 11:12:06','U00000048',1),('R000017','U00000002','C00008','こんちわ','2023-02-10 11:13:13','U00000048',1),('R000017','U00000002','C00009','a','2023-02-10 11:13:19','U00000048',1);
/*!40000 ALTER TABLE `comment` ENABLE KEYS */;
UNLOCK TABLES;

--
-- Table structure for table `favorite_movie`
--

DROP TABLE IF EXISTS `favorite_movie`;
/*!40101 SET @saved_cs_client     = @@character_set_client */;
/*!50503 SET character_set_client = utf8mb4 */;
CREATE TABLE `favorite_movie` (
  `USER_ID` varchar(20) CHARACTER SET utf8 COLLATE utf8_general_ci NOT NULL,
  `MOVIE_ID` varchar(20) CHARACTER SET utf8 COLLATE utf8_general_ci NOT NULL,
  PRIMARY KEY (`USER_ID`,`MOVIE_ID`),
  KEY `favorite_movie_ibfk_2_idx` (`MOVIE_ID`),
  CONSTRAINT `favorite_movie_ibfk_1` FOREIGN KEY (`USER_ID`) REFERENCES `user` (`USER_ID`) ON DELETE CASCADE ON UPDATE CASCADE,
  CONSTRAINT `favorite_movie_ibfk_2` FOREIGN KEY (`MOVIE_ID`) REFERENCES `movie` (`MOVIE_ID`) ON DELETE CASCADE ON UPDATE CASCADE
) ENGINE=InnoDB DEFAULT CHARSET=utf8mb4 COLLATE=utf8mb4_0900_ai_ci;
/*!40101 SET character_set_client = @saved_cs_client */;

--
-- Dumping data for table `favorite_movie`
--

LOCK TABLES `favorite_movie` WRITE;
/*!40000 ALTER TABLE `favorite_movie` DISABLE KEYS */;
INSERT INTO `favorite_movie` VALUES ('U00000002','M00000000001'),('U00000002','M00000000017'),('U00000001','M00000000039'),('U00000002','M00000000052'),('U00000005','M00000000065'),('U00000005','M00000000066'),('U00000001','M00000000083'),('U00000011','M00000000084'),('U00000011','M00000000085'),('U00000005','M00000000091'),('U00000027','M00000000142'),('U00000015','M00000000145'),('U00000015','M00000000147'),('U00000016','M00000000156'),('U00000016','M00000000157'),('U00000016','M00000000158'),('U00000027','M00000000208'),('U00000027','M00000000216'),('U00000001','M00000000219'),('U00000004','M00000000221'),('U00000025','M00000000228'),('U00000025','M00000000233'),('U00000018','M00000000236'),('U00000019','M00000000242'),('U00000011','M00000000255'),('U00000004','M00000000278'),('U00000004','M00000000282'),('U00000037','M00000000310');
/*!40000 ALTER TABLE `favorite_movie` ENABLE KEYS */;
UNLOCK TABLES;

--
-- Table structure for table `follow`
--

DROP TABLE IF EXISTS `follow`;
/*!40101 SET @saved_cs_client     = @@character_set_client */;
/*!50503 SET character_set_client = utf8mb4 */;
CREATE TABLE `follow` (
  `USER_ID` varchar(20) CHARACTER SET utf8 COLLATE utf8_general_ci NOT NULL,
  `FOLLOWUSER_ID` varchar(20) CHARACTER SET utf8 COLLATE utf8_general_ci NOT NULL,
  `FOLLOW_TIME` datetime DEFAULT CURRENT_TIMESTAMP,
  `NOTIFICATION` tinyint(1) NOT NULL DEFAULT '1',
  PRIMARY KEY (`USER_ID`,`FOLLOWUSER_ID`),
  KEY `FOLLOWUSER_ID` (`FOLLOWUSER_ID`),
  CONSTRAINT `follow_ibfk_1` FOREIGN KEY (`USER_ID`) REFERENCES `user` (`USER_ID`) ON DELETE CASCADE ON UPDATE CASCADE,
  CONSTRAINT `follow_ibfk_2` FOREIGN KEY (`FOLLOWUSER_ID`) REFERENCES `user` (`USER_ID`) ON DELETE CASCADE ON UPDATE CASCADE
) ENGINE=InnoDB DEFAULT CHARSET=utf8mb4 COLLATE=utf8mb4_0900_ai_ci;
/*!40101 SET character_set_client = @saved_cs_client */;

--
-- Dumping data for table `follow`
--

LOCK TABLES `follow` WRITE;
/*!40000 ALTER TABLE `follow` DISABLE KEYS */;
INSERT INTO `follow` VALUES ('U00000001','U00000002','2023-02-08 11:50:52',0),('U00000001','U00000011','2023-02-09 10:38:37',1),('U00000001','U00000015','2023-02-01 10:52:26',0),('U00000001','U00000017','2023-02-02 12:12:54',1),('U00000001','U00000018','2023-02-01 13:32:12',0),('U00000001','U00000019','2023-01-30 13:37:42',0),('U00000001','U00000029','2023-02-02 11:29:06',0),('U00000001','U00000030','2023-02-02 12:11:08',0),('U00000001','U00000034','2023-02-02 13:31:18',1),('U00000001','U00000041','2023-02-08 13:33:38',1),('U00000002','U00000001','2023-02-10 11:21:59',1),('U00000002','U00000003','2023-02-08 11:10:11',1),('U00000002','U00000005','2023-02-08 11:10:11',1),('U00000002','U00000010','2023-02-07 09:18:45',1),('U00000002','U00000012','2023-02-06 14:38:35',1),('U00000003','U00000001','2023-02-02 12:20:18',0),('U00000003','U00000002','2023-02-06 10:14:29',0),('U00000003','U00000031','2023-02-09 09:40:36',1),('U00000003','U00000048','2023-02-09 09:55:58',0),('U00000004','U00000005','2023-02-07 09:46:29',0),('U00000004','U00000007','2023-02-09 10:21:06',1),('U00000004','U00000015','2023-02-07 09:46:17',0),('U00000005','U00000002','2023-01-18 14:48:57',0),('U00000005','U00000004','2023-02-07 12:18:46',1),('U00000005','U00000016','2023-01-31 10:54:36',0),('U00000005','U00000029','2023-02-02 11:40:37',1),('U00000005','U00000034','2023-02-02 16:00:16',1),('U00000010','U00000002','2023-02-02 11:49:13',0),('U00000011','U00000002','2023-02-01 10:10:25',0),('U00000012','U00000002','2023-01-23 11:24:09',0),('U00000014','U00000012','2023-01-27 11:21:17',0),('U00000015','U00000001','2023-02-02 12:20:29',0),('U00000015','U00000002','2023-01-27 11:40:10',0),('U00000015','U00000004','2023-02-09 10:24:52',1),('U00000017','U00000001','2023-02-02 12:20:30',0),('U00000017','U00000021','2023-02-02 11:39:46',1),('U00000017','U00000025','2023-02-02 12:05:44',1),('U00000018','U00000001','2023-02-02 12:20:31',0),('U00000019','U00000001','2023-02-02 12:20:32',0),('U00000025','U00000002','2023-02-02 10:20:29',0),('U00000025','U00000017','2023-02-02 12:20:23',1),('U00000026','U00000001','2023-02-08 16:43:01',0),('U00000026','U00000025','2023-02-08 16:45:12',1),('U00000029','U00000001','2023-02-02 12:20:33',0),('U00000030','U00000001','2023-02-02 12:20:33',0),('U00000030','U00000003','2023-02-02 11:32:37',1),('U00000030','U00000031','2023-02-02 12:11:38',0),('U00000031','U00000003','2023-02-02 11:35:14',1),('U00000031','U00000030','2023-02-06 13:52:09',0),('U00000034','U00000001','2023-02-02 13:24:40',0),('U00000034','U00000002','2023-02-02 13:24:32',0),('U00000034','U00000005','2023-02-02 13:25:00',0),('U00000034','U00000024','2023-02-02 13:24:25',1),('U00000037','U00000002','2023-02-08 16:31:24',0),('U00000037','U00000017','2023-02-08 16:31:45',1),('U00000037','U00000025','2023-02-08 16:31:37',1),('U00000037','U00000029','2023-02-08 16:32:02',1),('U00000037','U00000030','2023-02-08 16:31:51',1),('U00000037','U00000031','2023-02-08 16:31:56',1),('U00000037','U00000034','2023-02-08 16:31:31',1),('U00000037','U00000050','2023-02-08 16:31:13',1),('U00000041','U00000001','2023-02-07 11:50:17',0),('U00000041','U00000003','2023-02-07 11:50:22',1),('U00000048','U00000033','2023-02-09 15:42:06',1),('U00000049','U00000015','2023-02-08 10:36:51',0),('U00000050','U00000037','2023-02-08 16:30:59',0),('U00000051','U00000017','2023-02-08 16:51:33',1);
/*!40000 ALTER TABLE `follow` ENABLE KEYS */;
UNLOCK TABLES;

--
-- Table structure for table `follow_thread`
--

DROP TABLE IF EXISTS `follow_thread`;
/*!40101 SET @saved_cs_client     = @@character_set_client */;
/*!50503 SET character_set_client = utf8mb4 */;
CREATE TABLE `follow_thread` (
  `USER_ID` varchar(20) CHARACTER SET utf8 COLLATE utf8_general_ci NOT NULL,
  `THREAD_ID` varchar(20) CHARACTER SET utf8 COLLATE utf8_general_ci NOT NULL,
  `FOLLOW_TIME` timestamp NOT NULL DEFAULT CURRENT_TIMESTAMP,
  PRIMARY KEY (`USER_ID`,`THREAD_ID`),
  KEY `follow_thread_ibfk_2_idx` (`THREAD_ID`),
  CONSTRAINT `follow_thread_ibfk_1` FOREIGN KEY (`USER_ID`) REFERENCES `user` (`USER_ID`),
  CONSTRAINT `follow_thread_ibfk_2` FOREIGN KEY (`THREAD_ID`) REFERENCES `thread` (`THREAD_ID`) ON DELETE CASCADE ON UPDATE CASCADE
) ENGINE=InnoDB DEFAULT CHARSET=utf8mb4 COLLATE=utf8mb4_0900_ai_ci;
/*!40101 SET character_set_client = @saved_cs_client */;

--
-- Dumping data for table `follow_thread`
--

LOCK TABLES `follow_thread` WRITE;
/*!40000 ALTER TABLE `follow_thread` DISABLE KEYS */;
INSERT INTO `follow_thread` VALUES ('U00000001','T000001','2023-01-26 06:55:01'),('U00000001','T000002','2023-01-20 06:25:11'),('U00000001','T000022','2023-01-25 02:41:54'),('U00000001','T000027','2023-01-20 04:45:21'),('U00000001','T000031','2023-01-26 06:55:14'),('U00000001','T000034','2023-02-09 01:06:41'),('U00000001','T000037','2023-02-08 06:55:53'),('U00000001','T000039','2023-01-25 02:43:36'),('U00000001','T000056','2023-02-09 01:41:56'),('U00000001','T000058','2023-02-08 06:40:51'),('U00000002','T000001','2023-02-06 01:15:54'),('U00000002','T000002','2022-12-17 15:00:00'),('U00000002','T000004','2022-12-13 15:00:00'),('U00000002','T000006','2022-12-20 01:50:52'),('U00000002','T000022','2023-01-23 05:56:23'),('U00000002','T000027','2023-01-24 00:13:32'),('U00000002','T000036','2023-01-24 00:20:20'),('U00000002','T000037','2023-02-02 00:41:10'),('U00000003','T000022','2023-01-23 06:04:15'),('U00000003','T000044','2023-02-09 03:16:53'),('U00000005','T000056','2023-02-02 07:38:19'),('U00000011','T000022','2023-01-24 00:59:53'),('U00000011','T000034','2023-02-02 06:53:58'),('U00000012','T000022','2023-01-27 02:16:30'),('U00000012','T000043','2023-01-27 02:16:20'),('U00000012','T000044','2023-02-02 03:03:24'),('U00000015','T000001','2023-01-27 02:42:18'),('U00000017','T000044','2023-02-02 02:38:10'),('U00000019','T000034','2023-02-06 07:15:33'),('U00000019','T000044','2023-02-06 07:14:27'),('U00000025','T000001','2023-02-02 03:09:44'),('U00000025','T000044','2023-02-02 02:21:58'),('U00000025','T000052','2023-02-02 03:13:36'),('U00000026','T000050','2023-02-01 07:34:55'),('U00000028','T000001','2023-02-02 02:07:06'),('U00000028','T000044','2023-02-02 02:05:13'),('U00000030','T000022','2023-02-02 02:32:58'),('U00000030','T000044','2023-02-02 02:33:28'),('U00000031','T000027','2023-02-02 02:35:31'),('U00000031','T000044','2023-02-02 02:35:41'),('U00000034','T000044','2023-02-02 04:25:27'),('U00000037','T000058','2023-02-08 07:23:42'),('U00000037','T000060','2023-02-08 07:34:25');
/*!40000 ALTER TABLE `follow_thread` ENABLE KEYS */;
UNLOCK TABLES;

--
-- Table structure for table `jenre`
--

DROP TABLE IF EXISTS `jenre`;
/*!40101 SET @saved_cs_client     = @@character_set_client */;
/*!50503 SET character_set_client = utf8mb4 */;
CREATE TABLE `jenre` (
  `JENRE_ID` varchar(20) CHARACTER SET utf8 COLLATE utf8_general_ci NOT NULL,
  `JENRE_NAME` varchar(20) CHARACTER SET utf8 COLLATE utf8_general_ci NOT NULL,
  PRIMARY KEY (`JENRE_ID`)
) ENGINE=InnoDB DEFAULT CHARSET=utf8mb4 COLLATE=utf8mb4_0900_ai_ci;
/*!40101 SET character_set_client = @saved_cs_client */;

--
-- Dumping data for table `jenre`
--

LOCK TABLES `jenre` WRITE;
/*!40000 ALTER TABLE `jenre` DISABLE KEYS */;
INSERT INTO `jenre` VALUES ('J0001','エンタメ'),('J0002','音楽'),('J0003','スポーツ'),('J0004','ゲーム'),('J0005','動物'),('J0006','美容・健康'),('J0007','美術'),('J0008','教育'),('J0009','料理'),('J0010','商品紹介'),('J0011','ニュース'),('J0012','Vlog'),('J0013','自然'),('J0014','機械'),('J0015','その他');
/*!40000 ALTER TABLE `jenre` ENABLE KEYS */;
UNLOCK TABLES;

--
-- Table structure for table `join_jenre`
--

DROP TABLE IF EXISTS `join_jenre`;
/*!40101 SET @saved_cs_client     = @@character_set_client */;
/*!50503 SET character_set_client = utf8mb4 */;
CREATE TABLE `join_jenre` (
  `USER_ID` varchar(20) CHARACTER SET utf8 COLLATE utf8_general_ci NOT NULL,
  `JENRE_ID` varchar(20) CHARACTER SET utf8 COLLATE utf8_general_ci NOT NULL,
  PRIMARY KEY (`USER_ID`,`JENRE_ID`),
  KEY `JENRE_ID` (`JENRE_ID`),
  CONSTRAINT `join_jenre_ibfk_1` FOREIGN KEY (`USER_ID`) REFERENCES `user` (`USER_ID`) ON DELETE CASCADE ON UPDATE CASCADE,
  CONSTRAINT `join_jenre_ibfk_2` FOREIGN KEY (`JENRE_ID`) REFERENCES `jenre` (`JENRE_ID`) ON DELETE CASCADE ON UPDATE CASCADE
) ENGINE=InnoDB DEFAULT CHARSET=utf8mb4 COLLATE=utf8mb4_0900_ai_ci;
/*!40101 SET character_set_client = @saved_cs_client */;

--
-- Dumping data for table `join_jenre`
--

LOCK TABLES `join_jenre` WRITE;
/*!40000 ALTER TABLE `join_jenre` DISABLE KEYS */;
INSERT INTO `join_jenre` VALUES ('U00000037','J0001'),('U00000038','J0001'),('U00000003','J0002'),('U00000018','J0002'),('U00000026','J0002'),('U00000039','J0002'),('U00000047','J0002'),('U00000003','J0003'),('U00000004','J0003'),('U00000038','J0003'),('U00000045','J0003'),('U00000049','J0003'),('U00000004','J0004'),('U00000005','J0004'),('U00000039','J0004'),('U00000041','J0004'),('U00000045','J0004'),('U00000048','J0004'),('U00000002','J0005'),('U00000041','J0005'),('U00000001','J0006'),('U00000005','J0006'),('U00000047','J0006'),('U00000048','J0006'),('U00000049','J0006'),('U00000050','J0006'),('U00000050','J0007'),('U00000002','J0009'),('U00000031','J0009'),('U00000031','J0012'),('U00000001','J0013'),('U00000018','J0015');
/*!40000 ALTER TABLE `join_jenre` ENABLE KEYS */;
UNLOCK TABLES;

--
-- Table structure for table `movie`
--

DROP TABLE IF EXISTS `movie`;
/*!40101 SET @saved_cs_client     = @@character_set_client */;
/*!50503 SET character_set_client = utf8mb4 */;
CREATE TABLE `movie` (
  `MOVIE_ID` varchar(20) CHARACTER SET utf8 COLLATE utf8_general_ci NOT NULL,
  `MOVIE_NAME` varchar(100) CHARACTER SET utf8mb4 COLLATE utf8mb4_0900_ai_ci NOT NULL,
  `URL` varchar(20) CHARACTER SET utf8 COLLATE utf8_general_ci NOT NULL,
  `THUMBNAIL` varchar(100) NOT NULL,
  `MOVIE_TIME` time DEFAULT NULL,
  PRIMARY KEY (`MOVIE_ID`),
  UNIQUE KEY `URL_UNIQUE` (`URL`)
) ENGINE=InnoDB DEFAULT CHARSET=utf8mb4 COLLATE=utf8mb4_0900_ai_ci;
/*!40101 SET character_set_client = @saved_cs_client */;

--
-- Dumping data for table `movie`
--

LOCK TABLES `movie` WRITE;
/*!40000 ALTER TABLE `movie` DISABLE KEYS */;
INSERT INTO `movie` VALUES ('M00000000001','世界の王様・王室　歴史の長さランキング［現存する王朝において］royal family 王家','idI_4iKIku0','https://skpacket.s3.ap-northeast-1.amazonaws.com/thumbnail/idI_4iKIku0.jpg','00:06:10'),('M00000000002','Maker Faire Kyoto 2021｜「世界チャンピオンの紙飛行機」を作ろう！（John Collins）｜ World Champion\'s Paper Airplane','wnH97LRzT2A','https://skpacket.s3.ap-northeast-1.amazonaws.com/thumbnail/wnH97LRzT2A.jpg','00:18:48'),('M00000000003','【Ado】私は最強 (ウタ from ONE PIECE FILM RED)','sk1Z-Hqwwog','https://skpacket.s3.ap-northeast-1.amazonaws.com/thumbnail/sk1Z-Hqwwog.jpg','00:04:30'),('M00000000004','【コメ付き】スペシャルなたこ焼き作ってみた【ハイボール】','CBK_Nx0B1p4','https://skpacket.s3.ap-northeast-1.amazonaws.com/thumbnail/CBK_Nx0B1p4.jpg','00:05:52'),('M00000000005','すべての人をガチギレさせる岸田の珍プレー集【あめんぼぷらす】【切り抜き】','WWON7AQXSPo','https://skpacket.s3.ap-northeast-1.amazonaws.com/thumbnail/WWON7AQXSPo.jpg','00:15:02'),('M00000000006','240円をバカにするんじゃねえよ','VNNRfyIv1Hg','https://skpacket.s3.ap-northeast-1.amazonaws.com/thumbnail/VNNRfyIv1Hg.jpg','00:06:23'),('M00000000007','【コメ付き】南極で出会った紳士的な皇帝ペンギン','TYEmX9CTko4','https://skpacket.s3.ap-northeast-1.amazonaws.com/thumbnail/TYEmX9CTko4.jpg','00:02:18'),('M00000000008','怒ってた猫が急に話しかけて来たけど、ネコ語だからわからない、コメ付','Kg44ktmeSu0','https://skpacket.s3.ap-northeast-1.amazonaws.com/thumbnail/Kg44ktmeSu0.jpg','00:00:56'),('M00000000009','yee!!','q6EoRBvdVPQ','https://skpacket.s3.ap-northeast-1.amazonaws.com/thumbnail/q6EoRBvdVPQ.jpg','00:00:10'),('M00000000010','ワザップジョルノ','TiaYg2pUl_A','https://skpacket.s3.ap-northeast-1.amazonaws.com/thumbnail/TiaYg2pUl_A.jpg','00:00:50'),('M00000000011','ブルアカで抜いた生徒を庇うやんくみのモノマネ','TQEH4aULevk','https://skpacket.s3.ap-northeast-1.amazonaws.com/thumbnail/TQEH4aULevk.jpg','00:00:26'),('M00000000013','高校数学で分かる秘書問題【最適停止問題】','hUEtN6-kVqk','https://skpacket.s3.ap-northeast-1.amazonaws.com/thumbnail/hUEtN6-kVqk.jpg','00:23:46'),('M00000000015','【新形式対応】2023年春の基本情報技術者試験勉強法 | 基本情報技術者試験','AiaZB7Xpdgc','https://skpacket.s3.ap-northeast-1.amazonaws.com/thumbnail/AiaZB7Xpdgc.jpg','00:09:58'),('M00000000017','Suisei On Whether She&#39;ll Quit Mario Kart After This Years Victory 【ENG Sub Hololive】','Hsk0_WA-QOw','https://skpacket.s3.ap-northeast-1.amazonaws.com/thumbnail/Hsk0_WA-QOw.jpg','01:06:55'),('M00000000018','【１周年記念】ダダダダ天使／湊あくあ【歌ってみた】','O8v5S1nhKzo','https://skpacket.s3.ap-northeast-1.amazonaws.com/thumbnail/O8v5S1nhKzo.jpg','00:03:42'),('M00000000021','フォニイ 歌ってみたのはメガテラ・ゼロ','gnfBEGmvrOs','https://skpacket.s3.ap-northeast-1.amazonaws.com/thumbnail/gnfBEGmvrOs.jpg','00:03:10'),('M00000000022','4年ぶりにパパがいない日、柴犬のある行動に涙が出ました。','zpGh0es9kG0','https://skpacket.s3.ap-northeast-1.amazonaws.com/thumbnail/zpGh0es9kG0.jpg','00:08:55'),('M00000000023','映画『ミッション：インポッシブル／デッドレコニング PART ONE』特別メイキング映像','SE-SNu1l6k0','https://skpacket.s3.ap-northeast-1.amazonaws.com/thumbnail/SE-SNu1l6k0.jpg','00:09:23'),('M00000000024','【公式】サンドウィッチマン　コント【カラオケ】2015年','5kmyOfvucp8','https://skpacket.s3.ap-northeast-1.amazonaws.com/thumbnail/5kmyOfvucp8.jpg','00:13:53'),('M00000000025','タカアンドトシの傑作漫才　「特殊」','QdVOTplOReE','https://skpacket.s3.ap-northeast-1.amazonaws.com/thumbnail/QdVOTplOReE.jpg','00:08:47'),('M00000000026','Acacia','4dnT-kKIO6Y','https://skpacket.s3.ap-northeast-1.amazonaws.com/thumbnail/4dnT-kKIO6Y.jpg','00:04:23'),('M00000000028','閉校になる母校にサプライズで登場してみた','eu7EqtVZ-Jo','https://skpacket.s3.ap-northeast-1.amazonaws.com/thumbnail/eu7EqtVZ-Jo.jpg','01:31:54'),('M00000000029','2022年版「関優太総まとめ」','dyctK_uECaI','https://skpacket.s3.ap-northeast-1.amazonaws.com/thumbnail/dyctK_uECaI.jpg','00:40:19'),('M00000000031','【悪夢再び】伝説となった2022年共通テスト数学IAを解説','mjjCXyYslyY','https://skpacket.s3.ap-northeast-1.amazonaws.com/thumbnail/mjjCXyYslyY.jpg','00:04:56'),('M00000000032','ピザラ人狼 2023 supported by AKRacing オーイシ×加藤のピザラジオ 第95回SP','qkk-CKZUuY8','https://skpacket.s3.ap-northeast-1.amazonaws.com/thumbnail/qkk-CKZUuY8.jpg','03:49:54'),('M00000000034','タカアンドトシ コント 「受験生」「賃貸物件の案内」 「山で遭難か」「日本一豪華な笑いの祭典!!」','MWU6SIMK_wY','https://skpacket.s3.ap-northeast-1.amazonaws.com/thumbnail/MWU6SIMK_wY.jpg',NULL),('M00000000037','【新人警察官】スマホも禁止⁉警察学校での生活とは　新潟　NNNセレクション','mmc0PBDHQRk','https://skpacket.s3.ap-northeast-1.amazonaws.com/thumbnail/mmc0PBDHQRk.jpg','00:11:12'),('M00000000038','テレビ故障のおばあちゃん家に緊急で駆けつけるも全く戦力にならずコタツでぬくぬくし始める柴犬','bbw8ENZNMlE','https://skpacket.s3.ap-northeast-1.amazonaws.com/thumbnail/bbw8ENZNMlE.jpg','00:05:26'),('M00000000039','怪獣の花唄　歌ってみたのはメガテラ・ゼロ','bc9lcY5nzQQ','https://skpacket.s3.ap-northeast-1.amazonaws.com/thumbnail/bc9lcY5nzQQ.jpg','00:03:46'),('M00000000045','【party parrot】数学科に入ると失うもの','m6fXyafOwXg','https://skpacket.s3.ap-northeast-1.amazonaws.com/thumbnail/m6fXyafOwXg.jpg','00:03:45'),('M00000000046','TVアニメ「ONE PIECE」麦わらの一味からの感染予防メッセージ　Important message from the &quot;One Piece&quot; Straw Hats','4NMRkuUKmJc','https://skpacket.s3.ap-northeast-1.amazonaws.com/thumbnail/4NMRkuUKmJc.jpg','00:04:46'),('M00000000047','はじめてのファイアーエムブレム','usDy8YBesqQ','https://skpacket.s3.ap-northeast-1.amazonaws.com/thumbnail/usDy8YBesqQ.jpg','00:08:18'),('M00000000051','苦手なシャワー中に犬語で文句言い続ける柴犬がかわいすぎた。','-8o7ZtUYKQo','https://skpacket.s3.ap-northeast-1.amazonaws.com/thumbnail/-8o7ZtUYKQo.jpg','00:10:17'),('M00000000052','2023年最新・エンジニアのトレンドをStackOverflowから読み解こう！','Aqhb2IYtdLA','https://skpacket.s3.ap-northeast-1.amazonaws.com/thumbnail/Aqhb2IYtdLA.jpg','00:25:22'),('M00000000053','ヒカキン セイキン『チョコラータとセッコ説』について解説','Wv6qTlmZPug','https://skpacket.s3.ap-northeast-1.amazonaws.com/thumbnail/Wv6qTlmZPug.jpg','00:04:00'),('M00000000055','【危険】ヒカキン　自動字幕　による狂言集','rsfb7QwuL0A','https://skpacket.s3.ap-northeast-1.amazonaws.com/thumbnail/rsfb7QwuL0A.jpg','00:05:56'),('M00000000056','ツイッターのヒカキンシンメトリーBotが面白すぎて爆笑www','5wnfkIfw0jE','https://skpacket.s3.ap-northeast-1.amazonaws.com/thumbnail/5wnfkIfw0jE.jpg','00:06:31'),('M00000000057','自分の顔だけでハンバーガー作ってみた','evty9ZFNIpg','https://skpacket.s3.ap-northeast-1.amazonaws.com/thumbnail/evty9ZFNIpg.jpg','00:00:15'),('M00000000058','뉴욕영락교회 새벽기도 [2023.1.17] [삼하 5:1-12]','4caNYLaWjNY','https://skpacket.s3.ap-northeast-1.amazonaws.com/thumbnail/4caNYLaWjNY.jpg','00:00:38'),('M00000000059','【生検証】ポケモン金銀249匹図鑑完成まで何時間かかる？ #1｜ポケットモンスター 金・銀','hQU1PlAh5_k','https://skpacket.s3.ap-northeast-1.amazonaws.com/thumbnail/hQU1PlAh5_k.jpg','10:45:26'),('M00000000060','【party parrot】絶望の2015年センター試験数学IIBを解説','Zq1AG4jKtzM','https://skpacket.s3.ap-northeast-1.amazonaws.com/thumbnail/Zq1AG4jKtzM.jpg','00:03:09'),('M00000000061','エミューの雛と美しい白鳥のワルツ','Q6kE342Lq8k','https://skpacket.s3.ap-northeast-1.amazonaws.com/thumbnail/Q6kE342Lq8k.jpg','00:06:20'),('M00000000062','【危険】左手さんの貴重な捕食シーン','EicwvS9xRn0','https://skpacket.s3.ap-northeast-1.amazonaws.com/thumbnail/EicwvS9xRn0.jpg','00:00:35'),('M00000000063','[ヴィーガン]ビーガンの食生活#ヴィーガン #ベジタリアン','3Tza5jJNZ8A','https://skpacket.s3.ap-northeast-1.amazonaws.com/thumbnail/3Tza5jJNZ8A.jpg','00:00:42'),('M00000000064','汚い海　10分耐久','ECBUeA7xMhk','https://skpacket.s3.ap-northeast-1.amazonaws.com/thumbnail/ECBUeA7xMhk.jpg','00:10:01'),('M00000000065','根性焼きと焼けたすね毛とハローキティと','gPORcccl4ZE','https://skpacket.s3.ap-northeast-1.amazonaws.com/thumbnail/gPORcccl4ZE.jpg','00:02:27'),('M00000000066','学習発表会～音楽物語「ごんぎつね」から','QDqONMqotFE','https://skpacket.s3.ap-northeast-1.amazonaws.com/thumbnail/QDqONMqotFE.jpg','00:01:24'),('M00000000067','見えない前提','JnXlAS4n0NQ','https://skpacket.s3.ap-northeast-1.amazonaws.com/thumbnail/JnXlAS4n0NQ.jpg','00:06:18'),('M00000000068','たれぞう VS ヒカキン　ボイパ対決 Bad Apple!! 　(コメ付き)','X9D4F2ouwss','https://skpacket.s3.ap-northeast-1.amazonaws.com/thumbnail/X9D4F2ouwss.jpg','00:02:19'),('M00000000070','【ホロライブ】歌ってみた動画の月間ランキング【TOP10】','M2Ek3choWUQ','https://skpacket.s3.ap-northeast-1.amazonaws.com/thumbnail/M2Ek3choWUQ.jpg','00:31:59'),('M00000000071','【作業用BGM】人生で1度は聞いておくべきNCS(EDM)メドレー！！[BEST of NCS Mix]','RH24wbgMcqk','https://skpacket.s3.ap-northeast-1.amazonaws.com/thumbnail/RH24wbgMcqk.jpg','01:05:51'),('M00000000072','ポテトチップスとフライドポテト作ってみた！','cpiWNMpCwPQ','https://skpacket.s3.ap-northeast-1.amazonaws.com/thumbnail/cpiWNMpCwPQ.jpg','00:08:28'),('M00000000074','水素の音　合唱','WhvsXFD0LoA','https://skpacket.s3.ap-northeast-1.amazonaws.com/thumbnail/WhvsXFD0LoA.jpg','00:03:24'),('M00000000075','heisenburger','b4XpMTUlorc','https://skpacket.s3.ap-northeast-1.amazonaws.com/thumbnail/b4XpMTUlorc.jpg','00:00:25'),('M00000000076','ノリアキ - unstoppable / Noriaki - unstoppable (2006)','ofp_ffk0LM4','https://skpacket.s3.ap-northeast-1.amazonaws.com/thumbnail/ofp_ffk0LM4.jpg','00:03:31'),('M00000000077','Me at the zoo','jNQXAC9IVRw','https://skpacket.s3.ap-northeast-1.amazonaws.com/thumbnail/jNQXAC9IVRw.jpg','00:00:19'),('M00000000078','sushi','0b75cl4-qRE','https://skpacket.s3.ap-northeast-1.amazonaws.com/thumbnail/0b75cl4-qRE.jpg','00:08:11'),('M00000000079','夢喰 - Tani Yuuki【MV】','nudN_HNS8Ls','https://skpacket.s3.ap-northeast-1.amazonaws.com/thumbnail/nudN_HNS8Ls.jpg','00:03:08'),('M00000000080','【コメ付き】セロリとベーコンのほがらかスープ作ってみた','K0nYcBDqn1k','https://skpacket.s3.ap-northeast-1.amazonaws.com/thumbnail/K0nYcBDqn1k.jpg','00:07:58'),('M00000000081','2021.06.08 階段がいらない女','PGIdwBOujFI','https://skpacket.s3.ap-northeast-1.amazonaws.com/thumbnail/PGIdwBOujFI.jpg','00:02:01'),('M00000000082','【コメ付き】鮎の塩焼き食べてみた【アル中カラカラハイボール】','P1YlDc6TUQk','https://skpacket.s3.ap-northeast-1.amazonaws.com/thumbnail/P1YlDc6TUQk.jpg','00:02:55'),('M00000000083','メルト　歌ってみたのはメガテラ・ゼロ','4PdVOzuyVmY','https://skpacket.s3.ap-northeast-1.amazonaws.com/thumbnail/4PdVOzuyVmY.jpg','00:04:26'),('M00000000084','Orangestar - Surges (feat. IA &amp; 初音ミク) Official Video','rkaNKAvksDE','https://skpacket.s3.ap-northeast-1.amazonaws.com/thumbnail/rkaNKAvksDE.jpg','00:02:25'),('M00000000085','Orangestar - Henceforth (feat. IA) Official Video','L13gCEZJVRU','https://skpacket.s3.ap-northeast-1.amazonaws.com/thumbnail/L13gCEZJVRU.jpg','00:03:56'),('M00000000086','Orangestar - DAYBREAK FRONTLINE (feat. IA) Official Video','emrt46SRyYs','https://skpacket.s3.ap-northeast-1.amazonaws.com/thumbnail/emrt46SRyYs.jpg','00:03:38'),('M00000000087','ﾄﾞｩﾜｧ! ｾﾝﾅﾅﾋｬｸ!!','m2GrCJK3YQM','https://skpacket.s3.ap-northeast-1.amazonaws.com/thumbnail/m2GrCJK3YQM.jpg','00:00:13'),('M00000000088','真実に向かおうとする意志　#ジョジョの奇妙な冒険 #音mad #名言 #shorts','giKKcmv_pco','https://skpacket.s3.ap-northeast-1.amazonaws.com/thumbnail/giKKcmv_pco.jpg','00:00:32'),('M00000000089','浪人させない犬','oheWrizjwNQ','https://skpacket.s3.ap-northeast-1.amazonaws.com/thumbnail/oheWrizjwNQ.jpg','00:01:24'),('M00000000091','大雨','WtQ78OIvnYw','https://skpacket.s3.ap-northeast-1.amazonaws.com/thumbnail/WtQ78OIvnYw.jpg','00:00:04'),('M00000000092','Just the Two of Us','Rxc7u9p0VAU','https://skpacket.s3.ap-northeast-1.amazonaws.com/thumbnail/Rxc7u9p0VAU.jpg','00:03:58'),('M00000000093','Chill &amp; Relaxing Pokémon Music Mix','YMEblRM4pGc','https://skpacket.s3.ap-northeast-1.amazonaws.com/thumbnail/YMEblRM4pGc.jpg','01:02:00'),('M00000000094','住処が伐採されて行方不明になっていたアザラシ猫、新しいお家はパイプの中！？','moFB-j5iY2E','https://skpacket.s3.ap-northeast-1.amazonaws.com/thumbnail/moFB-j5iY2E.jpg','00:04:50'),('M00000000095','コードレビューや変数名やメソッド名の命名は AI に任せちゃおう','2Lp_DA9mEqI','https://skpacket.s3.ap-northeast-1.amazonaws.com/thumbnail/2Lp_DA9mEqI.jpg','00:10:33'),('M00000000096','【リズム天国×ポケモンSV】リミックス10 【PokemonSV】','8CkRtlDazW4','https://skpacket.s3.ap-northeast-1.amazonaws.com/thumbnail/8CkRtlDazW4.jpg','00:03:44'),('M00000000097','Our Pet Call Duck is Swayed Gently.','0Da8ZhKcNKQ','https://skpacket.s3.ap-northeast-1.amazonaws.com/thumbnail/0Da8ZhKcNKQ.jpg','00:04:17'),('M00000000098','きれいな雪景色に目もくれず車の中で最も意味のない場所を凝視し続ける柴犬','M3DRY5xQYlk','https://skpacket.s3.ap-northeast-1.amazonaws.com/thumbnail/M3DRY5xQYlk.jpg','00:01:20'),('M00000000099','やっぱ監督ってすげぇ！！ 選手より目立つ監督のスーパープレイ集！','v8KlA2cEMiU','https://skpacket.s3.ap-northeast-1.amazonaws.com/thumbnail/v8KlA2cEMiU.jpg','00:04:08'),('M00000000100','コウメ太夫さんのネタ２編を映像化しました #shorts','dQZX2uOTC18','https://skpacket.s3.ap-northeast-1.amazonaws.com/thumbnail/dQZX2uOTC18.jpg','00:00:46'),('M00000000101','1000℃の鉄球をバターに置いたら大変なことにwww #Shorts','7u5MrZssBYc','https://skpacket.s3.ap-northeast-1.amazonaws.com/thumbnail/7u5MrZssBYc.jpg','00:00:58'),('M00000000102','Vídeos que não deram certo com o venom #10','QCnx-KZx8_A','https://skpacket.s3.ap-northeast-1.amazonaws.com/thumbnail/QCnx-KZx8_A.jpg','00:00:54'),('M00000000103','3000℃のテルミット反応で風呂は湧くのか？【検証】#shorts','E6mP1WpX6Wk','https://skpacket.s3.ap-northeast-1.amazonaws.com/thumbnail/E6mP1WpX6Wk.jpg','00:01:00'),('M00000000104','ヤベードラマーシリーズ7本まとめ','veJg7CoyoL4','https://skpacket.s3.ap-northeast-1.amazonaws.com/thumbnail/veJg7CoyoL4.jpg','00:00:50'),('M00000000105','多磨霊園第4踏切　東府中駅　京王線　 #デートスポット','-5xq5wrYDeg','https://skpacket.s3.ap-northeast-1.amazonaws.com/thumbnail/-5xq5wrYDeg.jpg','00:01:01'),('M00000000106','fat asian guy laughing','6mzNZIKV-Qs','https://skpacket.s3.ap-northeast-1.amazonaws.com/thumbnail/6mzNZIKV-Qs.jpg','00:00:26'),('M00000000107','すごい変化球','PTOWKRfRDGA','https://skpacket.s3.ap-northeast-1.amazonaws.com/thumbnail/PTOWKRfRDGA.jpg','00:05:50'),('M00000000108','Vídeos que não deram certo #11','VJ0MEJJ9nco','https://skpacket.s3.ap-northeast-1.amazonaws.com/thumbnail/VJ0MEJJ9nco.jpg','00:00:59'),('M00000000109','色々な台パンまとめてみたwww #shorts #台パン','6sK86qBX22U','https://skpacket.s3.ap-northeast-1.amazonaws.com/thumbnail/6sK86qBX22U.jpg','00:00:25'),('M00000000131','ファイトソング (Fight Song) - Eve Music Video','2eOg5DoYuwU','https://skpacket.s3.ap-northeast-1.amazonaws.com/thumbnail/2eOg5DoYuwU.jpg','00:05:08'),('M00000000132','白雪 (White Snow) - Eve MV','Kvceyq9o0rY','https://skpacket.s3.ap-northeast-1.amazonaws.com/thumbnail/Kvceyq9o0rY.jpg','00:05:47'),('M00000000133','ドラマツルギー - Eve  MV','jJzw1h5CR-I','https://skpacket.s3.ap-northeast-1.amazonaws.com/thumbnail/jJzw1h5CR-I.jpg','00:04:06'),('M00000000134','お気に召すまま - Eve MV','nROvY9uiYYk','https://skpacket.s3.ap-northeast-1.amazonaws.com/thumbnail/nROvY9uiYYk.jpg','00:04:09'),('M00000000135','心予報 - Eve MV','dJf4wCdLU18','https://skpacket.s3.ap-northeast-1.amazonaws.com/thumbnail/dJf4wCdLU18.jpg','00:03:44'),('M00000000137','あの娘シークレット - Eve MV','sgdPlDG1-8k','https://skpacket.s3.ap-northeast-1.amazonaws.com/thumbnail/sgdPlDG1-8k.jpg','00:03:53'),('M00000000138','ナンセンス文学 - Eve  MV','OskXF3s0UT8','https://skpacket.s3.ap-northeast-1.amazonaws.com/thumbnail/OskXF3s0UT8.jpg','00:03:27'),('M00000000139','アウトサイダー - Eve MV','GMPjNA_fCj4','https://skpacket.s3.ap-northeast-1.amazonaws.com/thumbnail/GMPjNA_fCj4.jpg','00:03:29'),('M00000000140','ラストダンス - Eve MV','CLdeykXCZX4','https://skpacket.s3.ap-northeast-1.amazonaws.com/thumbnail/CLdeykXCZX4.jpg','00:04:00'),('M00000000141','【コメ付き】3300円の、3回払い！【QVC】','xX0x5x2A8PI','https://skpacket.s3.ap-northeast-1.amazonaws.com/thumbnail/xX0x5x2A8PI.jpg','00:14:01'),('M00000000142','【最新ニコニココメ付き】QVC福島　ガバガバシーン集1~10','NiYOLcs8_Ks','https://skpacket.s3.ap-northeast-1.amazonaws.com/thumbnail/NiYOLcs8_Ks.jpg','02:02:01'),('M00000000143','１億回記念！本気ネタ！『声細い奴と声太い奴』【JARUJARUTOWER】','Wp_TIpFbq6M','https://skpacket.s3.ap-northeast-1.amazonaws.com/thumbnail/Wp_TIpFbq6M.jpg','00:04:29'),('M00000000144','大量の串カツで１年を締めくくる。','a6DfE66KSnU','https://skpacket.s3.ap-northeast-1.amazonaws.com/thumbnail/a6DfE66KSnU.jpg','00:23:21'),('M00000000145','ザリガニをミキサーにかけてパスタ作ろうぜ！','PSfhKXJhmPI','https://skpacket.s3.ap-northeast-1.amazonaws.com/thumbnail/PSfhKXJhmPI.jpg','00:08:46'),('M00000000146','【ゲスト:梵頭】漢 Kitchen ~漢 a.k.a. GAMI の料理番組~','Fk8w2R5tm5M','https://skpacket.s3.ap-northeast-1.amazonaws.com/thumbnail/Fk8w2R5tm5M.jpg','00:16:45'),('M00000000147','ザリガニぶっ潰してせんべい作る','yKAvl-j2RUY','https://skpacket.s3.ap-northeast-1.amazonaws.com/thumbnail/yKAvl-j2RUY.jpg','00:08:41'),('M00000000148','真・タニシでサイゼのエスカルゴ作ってみた','spKJpTVnafg','https://skpacket.s3.ap-northeast-1.amazonaws.com/thumbnail/spKJpTVnafg.jpg','00:09:18'),('M00000000149','FP2級を目指すなら知っておいてほしいこと【難易度・勉強法etc...】','-TqKA_WSatk','https://skpacket.s3.ap-northeast-1.amazonaws.com/thumbnail/-TqKA_WSatk.jpg','00:33:11'),('M00000000150','▽▲TRiNITY▲▽「I know “The Unknown World&quot;」Music Video【2022/10/5発売『Δ(DELTA)』収録曲】','o-sXJN3aJxw','https://skpacket.s3.ap-northeast-1.amazonaws.com/thumbnail/o-sXJN3aJxw.jpg','00:03:52'),('M00000000152','ジムニー５ドア　純正オプション!?','eQvqw6DN0ig','https://skpacket.s3.ap-northeast-1.amazonaws.com/thumbnail/eQvqw6DN0ig.jpg','00:04:11'),('M00000000153','Suzuki Jimny - Brabus G-Wagen Tribute','ksgllae8rSw','https://skpacket.s3.ap-northeast-1.amazonaws.com/thumbnail/ksgllae8rSw.jpg','00:07:59'),('M00000000154','【何故売れる?】三菱デリカD:5の秘密に迫る! 特別仕様車カスタムギア内装&amp;外装レポート! 新型ノア･ヴォクシーやステップワゴンより良い?! | MITSUBISHI DELICA D5','PfHu2nEeNww','https://skpacket.s3.ap-northeast-1.amazonaws.com/thumbnail/PfHu2nEeNww.jpg','00:24:12'),('M00000000155','寒波で“物流打撃”棚ガラガラ “スリップ事故”も続出 7台玉突き「ビリヤード状態」(2023年1月27日)','CV70UgGVITA','https://skpacket.s3.ap-northeast-1.amazonaws.com/thumbnail/CV70UgGVITA.jpg','00:07:17'),('M00000000156','アニメ「日蓮大聖人の御生涯」第１話（誕生～「立正安国論」）｜創価学会公式','fwN0KvCTZn4','https://skpacket.s3.ap-northeast-1.amazonaws.com/thumbnail/fwN0KvCTZn4.jpg','00:08:35'),('M00000000157','アニメ「日蓮大聖人の御生涯」第２話（竜の口の法難～佐渡流罪）｜創価学会公式','uWpXf0aHV7s','https://skpacket.s3.ap-northeast-1.amazonaws.com/thumbnail/uWpXf0aHV7s.jpg','00:08:03'),('M00000000158','アニメ「日蓮大聖人の御生涯」第３話（身延入山～御入滅）｜創価学会公式','SgeEPx9tOyQ','https://skpacket.s3.ap-northeast-1.amazonaws.com/thumbnail/SgeEPx9tOyQ.jpg','00:08:01'),('M00000000167','QVC福島 ガバガバシーン集【その①～その⑮】最新コメ付き (8月5日)','2f6zOYJM2Jk','https://skpacket.s3.ap-northeast-1.amazonaws.com/thumbnail/2f6zOYJM2Jk.jpg','03:38:37'),('M00000000172','【歌ってみた】グッバイ宣言 / 百鬼あやめ cover','z1W4c7ym49Y','https://skpacket.s3.ap-northeast-1.amazonaws.com/thumbnail/z1W4c7ym49Y.jpg','00:02:52'),('M00000000182','RADWIMPS - 会心の一撃 [Official Live Video from &quot;RADWIMPS GRAND PRIX 2014 実況生中継&quot;]','8EEKBabOWNk','https://skpacket.s3.ap-northeast-1.amazonaws.com/thumbnail/8EEKBabOWNk.jpg','00:04:56'),('M00000000183','【333】[feat. asmi, すりぃ] アイワナムチュー / MAISONdes','AROi9sNCVKs','https://skpacket.s3.ap-northeast-1.amazonaws.com/thumbnail/AROi9sNCVKs.jpg','00:03:26'),('M00000000184','【417】[feat. 4na, もっさ(ネクライトーキー)] ダンボールの色 / MAISONdes','9vLxUqDa8aU','https://skpacket.s3.ap-northeast-1.amazonaws.com/thumbnail/9vLxUqDa8aU.jpg','00:03:51'),('M00000000185','PEOPLE 1 &quot;常夜燈&quot; （Official Video）','OZpv_AcPCKg','https://skpacket.s3.ap-northeast-1.amazonaws.com/thumbnail/OZpv_AcPCKg.jpg','00:04:27'),('M00000000187','RADWIMPS - 君と羊と青  [Official Live Video from  &quot;RADWIMPS 絶体延命ツアー&quot;]','MHDe8QL--go','https://skpacket.s3.ap-northeast-1.amazonaws.com/thumbnail/MHDe8QL--go.jpg','00:03:39'),('M00000000188','米津玄師 Kenshi Yonezu - KICKBACK','M2cckDmNLMI','https://skpacket.s3.ap-northeast-1.amazonaws.com/thumbnail/M2cckDmNLMI.jpg','00:03:48'),('M00000000194','【Git入門】ソースコードのバージョン管理の仕組みを解説！ | VOICEVOX','OjSGYX4XOVE','https://skpacket.s3.ap-northeast-1.amazonaws.com/thumbnail/OjSGYX4XOVE.jpg','00:15:48'),('M00000000195','フレデリック「オドループ」Music Video | Frederic &quot;oddloop&quot;','PCp2iXA1uLE','https://skpacket.s3.ap-northeast-1.amazonaws.com/thumbnail/PCp2iXA1uLE.jpg','00:04:23'),('M00000000196','下水を市民が飲み干せば水質汚染は完全になくなる説【Cities:Skylines / シティーズスカイライン】','uuPQd0qRZro','https://skpacket.s3.ap-northeast-1.amazonaws.com/thumbnail/uuPQd0qRZro.jpg','00:21:22'),('M00000000197','創価学会（本部）の内部映像','ipWPd44O74M','https://skpacket.s3.ap-northeast-1.amazonaws.com/thumbnail/ipWPd44O74M.jpg','00:13:21'),('M00000000198','【MV】Rap Guerrilla Reload -Paradox Live All ARTISTS-','-2I7hb7DGk4','https://skpacket.s3.ap-northeast-1.amazonaws.com/thumbnail/-2I7hb7DGk4.jpg','00:09:26'),('M00000000199','Roselia×Eve『閃光』アニメーションMV(ゲームサイズver.) 【アーティストタイアップ楽曲】','IL33TNljMz8','https://skpacket.s3.ap-northeast-1.amazonaws.com/thumbnail/IL33TNljMz8.jpg','00:02:19'),('M00000000200','『チェンソーマン』第４話ノンクレジットエンディング / CHAINSAW MAN #4 Ending│TOOBOE 「錠剤」','xIKW3NKYBWw','https://skpacket.s3.ap-northeast-1.amazonaws.com/thumbnail/xIKW3NKYBWw.jpg','00:01:30'),('M00000000201','騒音おばさん','zAk6T3zAJgc','https://skpacket.s3.ap-northeast-1.amazonaws.com/thumbnail/zAk6T3zAJgc.jpg','00:10:21'),('M00000000202','「さよなら、香香」／「水の革命」（作詞・作曲：大川隆法）','S8RD6mlhUFg','https://skpacket.s3.ap-northeast-1.amazonaws.com/thumbnail/S8RD6mlhUFg.jpg','00:02:51'),('M00000000203','「ときめきの時」（作詞・作曲：大川隆法）','16mMSiQq4TY','https://skpacket.s3.ap-northeast-1.amazonaws.com/thumbnail/16mMSiQq4TY.jpg','00:02:18'),('M00000000204','【公式】『ちいかわ』第43話「きんちょうした/郎にモモンガ」※1週間限定配信＜2/3 (金)AM7:59まで＞','ryOEWuOv4iI','https://skpacket.s3.ap-northeast-1.amazonaws.com/thumbnail/ryOEWuOv4iI.jpg',NULL),('M00000000205','「時代」（作詞・作曲：大川隆法）','YIyC68VHXJs','https://skpacket.s3.ap-northeast-1.amazonaws.com/thumbnail/YIyC68VHXJs.jpg','00:01:59'),('M00000000206','【替え歌】祖国に嫌われている。【命に嫌われている/ソ連版】','BKHRbVTw6FQ','https://skpacket.s3.ap-northeast-1.amazonaws.com/thumbnail/BKHRbVTw6FQ.jpg','00:05:06'),('M00000000207','あるいは最高位人権道徳者を目指しなさい','GjVCYhpkJiA','https://skpacket.s3.ap-northeast-1.amazonaws.com/thumbnail/GjVCYhpkJiA.jpg','00:05:35'),('M00000000208','お題目 三万遍 10時間 池田先生「一日三千遍の題目があがると生命の回転が始まって来るのだ。」 南妙法蓮華経 【Daimoku/SGI/NMRK】30000 10hour','Vyr4ViQjr7Y','https://skpacket.s3.ap-northeast-1.amazonaws.com/thumbnail/Vyr4ViQjr7Y.jpg','11:19:11'),('M00000000209','炭酸中毒のキックバック','zmHA7L04nd0','https://skpacket.s3.ap-northeast-1.amazonaws.com/thumbnail/zmHA7L04nd0.jpg','00:01:22'),('M00000000210','優里『ビリミリオン』Official Music Video','vUsikBoa8i0','https://skpacket.s3.ap-northeast-1.amazonaws.com/thumbnail/vUsikBoa8i0.jpg','00:03:49'),('M00000000211','ベテラン母柴犬に戦いを挑み片手で倒される子犬が可愛いw','Rf6TJ-NOaV4','https://skpacket.s3.ap-northeast-1.amazonaws.com/thumbnail/Rf6TJ-NOaV4.jpg','00:03:42'),('M00000000212','【子犬　保護犬】倉庫の下が住処だった野犬の子犬　成長日記','LLOO3RRfxTE','https://skpacket.s3.ap-northeast-1.amazonaws.com/thumbnail/LLOO3RRfxTE.jpg','00:23:50'),('M00000000213','Owarimonogatari ost Bugaisha','Q7GvkhVChM8','https://skpacket.s3.ap-northeast-1.amazonaws.com/thumbnail/Q7GvkhVChM8.jpg','00:02:42'),('M00000000214','【再会】突然ですが猫たちを連れて実家に帰らせていただきます。【幻の実家帰省-総集編】','6--qpft7lNI','https://skpacket.s3.ap-northeast-1.amazonaws.com/thumbnail/6--qpft7lNI.jpg','03:24:51'),('M00000000215','目が見えない子猫の保護最初の１ヶ月総集編','N2g8XEkJETY','https://skpacket.s3.ap-northeast-1.amazonaws.com/thumbnail/N2g8XEkJETY.jpg','03:38:17'),('M00000000216','爆盛りカツ丼ラッシュ！常連が殺到する行列うどん店の鮮やかな注文さばき丨Udon Restaurant&#39;s Ultimate Egg Rice Bowl','8GZYtTbmivE','https://skpacket.s3.ap-northeast-1.amazonaws.com/thumbnail/8GZYtTbmivE.jpg','01:09:11'),('M00000000217','2100年の日本、将棋','TyAbRilAI2M','https://skpacket.s3.ap-northeast-1.amazonaws.com/thumbnail/TyAbRilAI2M.jpg','00:00:26'),('M00000000218','紅の歌／創価グロリア吹奏楽団・四国音楽隊','CAIFWTrYIfc','https://skpacket.s3.ap-northeast-1.amazonaws.com/thumbnail/CAIFWTrYIfc.jpg','00:03:05'),('M00000000219','ヒトリエ 『アンノウン・マザーグース 2018.3.25 LIVE at EX THEATER ROPPONGI』','sFqZHm6b3uU','https://skpacket.s3.ap-northeast-1.amazonaws.com/thumbnail/sFqZHm6b3uU.jpg','00:04:49'),('M00000000220','ヒトリエ/HITORIE - World&#39;s End Dancehall (LIVE) [Sub. Español]','60EiIqOzAaE','https://skpacket.s3.ap-northeast-1.amazonaws.com/thumbnail/60EiIqOzAaE.jpg','00:04:05'),('M00000000221','칼챔 집중 연습 중! 페이커 1-2월 롤 매드무비 [T1 Faker Montage]','KnvZ4oe1Qjg','https://skpacket.s3.ap-northeast-1.amazonaws.com/thumbnail/KnvZ4oe1Qjg.jpg','00:08:05'),('M00000000222','ブルーアーカイブ Blue Archive OST 7. Unwelcome School','pEg_d2f6myw','https://skpacket.s3.ap-northeast-1.amazonaws.com/thumbnail/pEg_d2f6myw.jpg','00:02:00'),('M00000000223','【創価大学】学生歌プロモーション映像≪公式≫','QuSTju6kWFk','https://skpacket.s3.ap-northeast-1.amazonaws.com/thumbnail/QuSTju6kWFk.jpg','00:03:50'),('M00000000224','My Hair is Bad - 真赤 (Official Music Video)','0M3HoC2uGhM','https://skpacket.s3.ap-northeast-1.amazonaws.com/thumbnail/0M3HoC2uGhM.jpg','00:03:35'),('M00000000225','【原神】「輝く星々Vol. 3」','UOh6nvmFc2o','https://skpacket.s3.ap-northeast-1.amazonaws.com/thumbnail/UOh6nvmFc2o.jpg','00:45:35'),('M00000000226','【私が入会を決めた時】斉藤久陽さん','wtabUL3DGdk','https://skpacket.s3.ap-northeast-1.amazonaws.com/thumbnail/wtabUL3DGdk.jpg','00:04:12'),('M00000000227','[ 14.800.000 ] ĐỒNG HỒ SEIKO PRESAGE SARW021 &amp; SARW023 NỘI ĐỊA NHẬT CAL 6R.21 - 0868929192','/so41698821','https://skpacket.s3.ap-northeast-1.amazonaws.com/thumbnail//so41698821.jpg',NULL),('M00000000228','【原神】キャラクター実戦紹介　ニィロウ(CV：金元寿子)「蓮舞のすがた」','C-7WvdKdE0k','https://skpacket.s3.ap-northeast-1.amazonaws.com/thumbnail/C-7WvdKdE0k.jpg','00:01:54'),('M00000000229','大大大大大出世  1時間耐久【洗脳用動画】【作業用BGM】 big big big big big success　1hour version【mind control】#マルチ商法　#宗教　','_A6zkQRoAlg','https://skpacket.s3.ap-northeast-1.amazonaws.com/thumbnail/_A6zkQRoAlg.jpg',NULL),('M00000000230','【日本語字幕】ヒトラー首相就任演説 - Hitler Speech &quot;Proclamation to the German Nation&quot;','0KU7UM3i4qw','https://skpacket.s3.ap-northeast-1.amazonaws.com/thumbnail/0KU7UM3i4qw.jpg','00:40:45'),('M00000000231','【神曲】作業用 フルフルBGM 1時間耐久！','UNk-KfeAOmM','https://skpacket.s3.ap-northeast-1.amazonaws.com/thumbnail/UNk-KfeAOmM.jpg',NULL),('M00000000232','【音MAD】テイキョウ・ヘイセィ・ダイガク【帝京平成大学】','UzkiLRom6J8','https://skpacket.s3.ap-northeast-1.amazonaws.com/thumbnail/UzkiLRom6J8.jpg','00:01:32'),('M00000000233','【原神】キャラクター実戦紹介　楓原万葉(CV：島﨑信長)「風流韻事」','ZxLLysD9q6g','https://skpacket.s3.ap-northeast-1.amazonaws.com/thumbnail/ZxLLysD9q6g.jpg','00:02:00'),('M00000000234','【原神】キャラクター実戦紹介　宵宮(CV：植田佳奈)「真夏の飛焔」','5HfF6p3AzQs','https://skpacket.s3.ap-northeast-1.amazonaws.com/thumbnail/5HfF6p3AzQs.jpg','00:02:03'),('M00000000235','Oh!パモさん床の隙間の汚れWatch…','AOM7evfNPGo','https://skpacket.s3.ap-northeast-1.amazonaws.com/thumbnail/AOM7evfNPGo.jpg','00:01:44'),('M00000000236','【コメ付き】その心笑ってるねおばさん','pNDXq4azWo4','https://skpacket.s3.ap-northeast-1.amazonaws.com/thumbnail/pNDXq4azWo4.jpg','00:01:40'),('M00000000237','【原神】キャラクター実戦紹介　ナヒーダ(CV：田村ゆかり)「無垠無憂」','-91yK7nai00','https://skpacket.s3.ap-northeast-1.amazonaws.com/thumbnail/-91yK7nai00.jpg','00:02:30'),('M00000000238','【2018年版】オフサイド知らないけど世界最高峰の試合を実況解説する【サッカー】','n1D7WBtrTHs','https://skpacket.s3.ap-northeast-1.amazonaws.com/thumbnail/n1D7WBtrTHs.jpg','00:09:01'),('M00000000239','ダイナミックコード 1～3話 名(&#39;迷)場面集 ニコ動コメあり','0LccEG_xVd8','https://skpacket.s3.ap-northeast-1.amazonaws.com/thumbnail/0LccEG_xVd8.jpg','00:15:55'),('M00000000240','大川隆法総裁 講演会2016 「勇気ある決断」（北海道・苫小牧市民会館）より','l2YoJo3OMB0','https://skpacket.s3.ap-northeast-1.amazonaws.com/thumbnail/l2YoJo3OMB0.jpg','00:05:32'),('M00000000241','大川隆法総裁 エル・カンターレ祭大講演会 「愛を広げる力」抜粋版（幕張メッセ）','oarOutv_bh0','https://skpacket.s3.ap-northeast-1.amazonaws.com/thumbnail/oarOutv_bh0.jpg','00:04:32'),('M00000000242','【原神】キャラクター実戦紹介　アルハイゼン(CV：梅原裕一郎)「三思後行」','uUVVQZJZqQU','https://skpacket.s3.ap-northeast-1.amazonaws.com/thumbnail/uUVVQZJZqQU.jpg','00:03:00'),('M00000000243','阿佐ヶ谷姉妹で抜いてしまった男の最後の遺言','3Kf6BxF0rqg','https://skpacket.s3.ap-northeast-1.amazonaws.com/thumbnail/3Kf6BxF0rqg.jpg','00:01:35'),('M00000000244','大川隆法総裁 講演会2016「夢を実現する心」(高岡市民会館）より','PFX0dWXExAY','https://skpacket.s3.ap-northeast-1.amazonaws.com/thumbnail/PFX0dWXExAY.jpg','00:09:56'),('M00000000245','弟を買ってきたぜ!!!!!!!!!!!!!!!!!!!!!!!!!!!!!!!!!!!!!!!!??!!!!!!!????????????!?!!!!!!!!!!!!!!!!!!!!!!?!??!!!','23BoyINtSK4','https://skpacket.s3.ap-northeast-1.amazonaws.com/thumbnail/23BoyINtSK4.jpg','00:07:10'),('M00000000246','【日本語字幕】ソヴィエト社会主義共和国連邦国歌(ソ連国歌)','xSr5ewJvVig','https://skpacket.s3.ap-northeast-1.amazonaws.com/thumbnail/xSr5ewJvVig.jpg','00:03:38'),('M00000000247','個人的に好きな山田リョウのおもしろ・クズ集【ぼっち・ざ・ろっく！】','XNHQulurGws','https://skpacket.s3.ap-northeast-1.amazonaws.com/thumbnail/XNHQulurGws.jpg','00:08:22'),('M00000000248','「メイドインアビス 烈日の黄金郷」ノンクレジットオープニング映像','o_RG03t7cVE','https://skpacket.s3.ap-northeast-1.amazonaws.com/thumbnail/o_RG03t7cVE.jpg','00:01:31'),('M00000000249','死亡フラグたってるけど、必ず生き残る角刈り【ジェラードン】','6BI_J6lV8pg','https://skpacket.s3.ap-northeast-1.amazonaws.com/thumbnail/6BI_J6lV8pg.jpg','00:13:45'),('M00000000250','Анастасия не знала, что ее застарелое ОКР исчезнет раз и навсегда.','51115f7c724','https://skpacket.s3.ap-northeast-1.amazonaws.com/thumbnail/51115f7c724.jpg',NULL),('M00000000251','【キャラ大渋滞】ジェラードン アタック西本のコントキャラが抜けないドッキリ！コントキャラが入りすぎて西本の中で大渋滞！','/@gerrardon','https://skpacket.s3.ap-northeast-1.amazonaws.com/thumbnail//@gerrardon.jpg',NULL),('M00000000252','SPOON広告タイプビート','eZcEjEoMYWU','https://skpacket.s3.ap-northeast-1.amazonaws.com/thumbnail/eZcEjEoMYWU.jpg','00:02:46'),('M00000000253','【ファンタビ】映画に隠された細かすぎる小ネタ20選！','XTR9haHWrxM','https://skpacket.s3.ap-northeast-1.amazonaws.com/thumbnail/XTR9haHWrxM.jpg','00:11:50'),('M00000000254','【にじさんじEN】好きな待機画面【切り抜き/Luxiem/Noctyx/ミスタ/VOX/アイク/ルカ/Shu/アルバーン/ふぅちゃん/浮奇/ユーゴ/ロゼミ/ポム/セレン/ミリー/ペトラ】','7XxYOdjTAP4','https://skpacket.s3.ap-northeast-1.amazonaws.com/thumbnail/7XxYOdjTAP4.jpg','00:13:50'),('M00000000255','Orangestar - Uz (feat. IA) Official Video','Tj5KVAnqB5o','https://skpacket.s3.ap-northeast-1.amazonaws.com/thumbnail/Tj5KVAnqB5o.jpg','00:03:52'),('M00000000256','第一次世界 - NEE','EJ8lBjQls4w','https://skpacket.s3.ap-northeast-1.amazonaws.com/thumbnail/EJ8lBjQls4w.jpg','00:03:45'),('M00000000257','Orangestar - Alice in 冷凍庫 (feat. IA) Official Video','jQmYZWjLwzw','https://skpacket.s3.ap-northeast-1.amazonaws.com/thumbnail/jQmYZWjLwzw.jpg','00:05:45'),('M00000000258','Orangestar - アスノヨゾラ哨戒班 (feat. IA) Official Video','XogSflwXgpw','https://skpacket.s3.ap-northeast-1.amazonaws.com/thumbnail/XogSflwXgpw.jpg','00:02:57'),('M00000000259','Orangestar - 空奏列車 (feat. IA &amp; 初音ミク) Official Video','xzoShzMIlIM','https://skpacket.s3.ap-northeast-1.amazonaws.com/thumbnail/xzoShzMIlIM.jpg','00:04:07'),('M00000000260','Orangestar - イヤホンと蝉時雨 (feat. IA) Official Video','UBqPPkB_Ybc','https://skpacket.s3.ap-northeast-1.amazonaws.com/thumbnail/UBqPPkB_Ybc.jpg','00:04:19'),('M00000000261','Orangestar - 霽れを待つ (feat. 初音ミク) Official Video','wvlUWjqGQSA','https://skpacket.s3.ap-northeast-1.amazonaws.com/thumbnail/wvlUWjqGQSA.jpg','00:04:12'),('M00000000262','Orangestar - 回る空うさぎ (feat. 初音ミク) Official Video','CLywtSOj4NA','https://skpacket.s3.ap-northeast-1.amazonaws.com/thumbnail/CLywtSOj4NA.jpg','00:02:56'),('M00000000263','Orangestar - キミノヨゾラ哨戒班 (Official MV)','QJNANqm9QPQ','https://skpacket.s3.ap-northeast-1.amazonaws.com/thumbnail/QJNANqm9QPQ.jpg','00:02:54'),('M00000000264','Orangestar - 快晴 (feat. IA) Official Video','BwGpXK3W6tE','https://skpacket.s3.ap-northeast-1.amazonaws.com/thumbnail/BwGpXK3W6tE.jpg','00:04:25'),('M00000000265','Orangestar - シンクロナイザー (feat. 初音ミク) Official Video','gCxvFRuk4Xg','https://skpacket.s3.ap-northeast-1.amazonaws.com/thumbnail/gCxvFRuk4Xg.jpg','00:03:53'),('M00000000266','Orangestar - CITRUS (feat. IA &amp; ONE) Official Video','t8JXBtezzOc','https://skpacket.s3.ap-northeast-1.amazonaws.com/thumbnail/t8JXBtezzOc.jpg','00:03:40'),('M00000000267','夜もすがら君想ふ / yomosugara kimi omou - TOKOTOKO（西沢さんP） feat.GUMI','sFhKP57Nk1U','https://skpacket.s3.ap-northeast-1.amazonaws.com/thumbnail/sFhKP57Nk1U.jpg','00:04:02'),('M00000000268','Orangestar - 夏色アンサー (feat. IA) Official Video','S6_zybtKN5k','https://skpacket.s3.ap-northeast-1.amazonaws.com/thumbnail/S6_zybtKN5k.jpg','00:03:15'),('M00000000269','打首獄門同好会「布団の中から出たくない」','s4DxPeLNVuw','https://skpacket.s3.ap-northeast-1.amazonaws.com/thumbnail/s4DxPeLNVuw.jpg','00:04:12'),('M00000000270','【初音ミク】スターナイトスノウ【オリジナルMV】','ZuT3xYLW7vA','https://skpacket.s3.ap-northeast-1.amazonaws.com/thumbnail/ZuT3xYLW7vA.jpg','00:04:41'),('M00000000271','進学が不可能な大学を作るツーポイントキャンパス','Weol1Kw9JEM','https://skpacket.s3.ap-northeast-1.amazonaws.com/thumbnail/Weol1Kw9JEM.jpg','00:10:21'),('M00000000272','【実況】時間が止まった学校で大暴走してみた - Room 669','QV3vVOJDtGY','https://skpacket.s3.ap-northeast-1.amazonaws.com/thumbnail/QV3vVOJDtGY.jpg','00:14:21'),('M00000000273','ハトを光速の100,000,000,000,000,000,000倍の速度でぶつけて地球を破壊する','aKq5caBY5RE','https://skpacket.s3.ap-northeast-1.amazonaws.com/thumbnail/aKq5caBY5RE.jpg','00:15:42'),('M00000000274','帝京平成大学 ノリノリ野々村議員','5ky1xFyL4Uk','https://skpacket.s3.ap-northeast-1.amazonaws.com/thumbnail/5ky1xFyL4Uk.jpg','00:00:57'),('M00000000275','踊ってない夜を知らないノコノコ','Zy5vziM6E6o','https://skpacket.s3.ap-northeast-1.amazonaws.com/thumbnail/Zy5vziM6E6o.jpg','00:01:16'),('M00000000276','ダンサデオドル・ダンサダンサー','L05UjMtkEr0','https://skpacket.s3.ap-northeast-1.amazonaws.com/thumbnail/L05UjMtkEr0.jpg','00:01:34'),('M00000000277','&quot;진짜 요즘 미쳤습니다&quot; 절정의 폼 구마유시 1월 롤 매드무비 [T1 Gumayusi Montage]','CMjSaxuXFkQ','https://skpacket.s3.ap-northeast-1.amazonaws.com/thumbnail/CMjSaxuXFkQ.jpg','00:08:20'),('M00000000278','ELDEN RING: Maliketh VS All Bosses','j81A2XRbLpY','https://skpacket.s3.ap-northeast-1.amazonaws.com/thumbnail/j81A2XRbLpY.jpg','00:19:59'),('M00000000279','稲葉曇『ラグトレイン』Vo. 歌愛ユキ','UnIhRpIT7nc','https://skpacket.s3.ap-northeast-1.amazonaws.com/thumbnail/UnIhRpIT7nc.jpg','00:04:12'),('M00000000280','ヨルシカ - だから僕は音楽を辞めた (Music Video)','KTZ-y85Erus','https://skpacket.s3.ap-northeast-1.amazonaws.com/thumbnail/KTZ-y85Erus.jpg','00:04:07'),('M00000000281','ヨルシカ - テレパス','LTeROfwwtnA','https://skpacket.s3.ap-northeast-1.amazonaws.com/thumbnail/LTeROfwwtnA.jpg','00:05:04'),('M00000000282','後藤さん、ち〇ぽでかいのね～','FI_Dqe-PvQA','https://skpacket.s3.ap-northeast-1.amazonaws.com/thumbnail/FI_Dqe-PvQA.jpg','00:00:06'),('M00000000283','【初音ミク(1640㍍)】 タイムマシン 【オリジナル】','EgOWe9ByNaE','https://skpacket.s3.ap-northeast-1.amazonaws.com/thumbnail/EgOWe9ByNaE.jpg','00:04:10'),('M00000000284','弱酸性ミリオンアーサー #1','KpX8D5VTslo','https://skpacket.s3.ap-northeast-1.amazonaws.com/thumbnail/KpX8D5VTslo.jpg','00:01:31'),('M00000000285','弱酸性ミリオンアーサー#10','w9ZBAqhI2lM','https://skpacket.s3.ap-northeast-1.amazonaws.com/thumbnail/w9ZBAqhI2lM.jpg','00:01:30'),('M00000000286','酔いどれ知らず　歌ってみたのはメガテラ・ゼロ','nYmd3LwG1k0','https://skpacket.s3.ap-northeast-1.amazonaws.com/thumbnail/nYmd3LwG1k0.jpg','00:02:15'),('M00000000287','PEOPLE 1 “DOGLAND” （Official Video）','ba8XoFqIJVY','https://skpacket.s3.ap-northeast-1.amazonaws.com/thumbnail/ba8XoFqIJVY.jpg','00:03:06'),('M00000000288','【高音質】半沢直樹2 第5話　名シーン 02','fpve_fhMRCE','https://skpacket.s3.ap-northeast-1.amazonaws.com/thumbnail/fpve_fhMRCE.jpg','00:00:33'),('M00000000289','A4。-   天使の翼。feat.可不＆ゲキヤク（A4。-   Angel Wings。feat.KAFU ＆ Gekiyaku）','Td210slURro','https://skpacket.s3.ap-northeast-1.amazonaws.com/thumbnail/Td210slURro.jpg','00:04:01'),('M00000000290','かめりあ - ヒアソビ (feat. 初音ミク) 【Electroswing】','od4QcDPpNVk','https://skpacket.s3.ap-northeast-1.amazonaws.com/thumbnail/od4QcDPpNVk.jpg','00:04:08'),('M00000000291','さとうもか - melt bitter　sato moka　Music Video','mwTmvdIeYnE','https://skpacket.s3.ap-northeast-1.amazonaws.com/thumbnail/mwTmvdIeYnE.jpg','00:05:18'),('M00000000292','【WINNER&#39;S VS 流通経大付属柏高等学校】リーグ開幕前最後の練習試合。名門校相手に自分の価値を示せ','zu/featured','https://skpacket.s3.ap-northeast-1.amazonaws.com/thumbnail/zu/featured.jpg','00:53:04'),('M00000000293','Imperialism&#39;s GLOBAL EFFECTS [AP Euro Review—Unit 7 Topic 7]','eohistoryjp','https://skpacket.s3.ap-northeast-1.amazonaws.com/thumbnail/eohistoryjp.jpg','00:06:09'),('M00000000294','Subs vs. Dubs - Anime Crimes Division S1, Ep. 1 (ft. ProZD &amp; Alex Wassabi)','urk_kp76RoI','https://skpacket.s3.ap-northeast-1.amazonaws.com/thumbnail/urk_kp76RoI.jpg','00:09:29'),('M00000000295','夕張市は、地方の未来の縮図でした。  -破綻編-【ずんだもん＆ゆっくり解説】','bytgSLpzRko','https://skpacket.s3.ap-northeast-1.amazonaws.com/thumbnail/bytgSLpzRko.jpg','00:13:27'),('M00000000296','FTX破綻の全て。なぜ仮想通貨民は騙されてしまったのか【ずんだもん＆ゆっくり解説】','pfeSukMG76U','https://skpacket.s3.ap-northeast-1.amazonaws.com/thumbnail/pfeSukMG76U.jpg','00:20:12'),('M00000000297','ツイッター買収劇の全て。アスペの王がポリコレと戦った結果...【ずんだもん＆ゆっくり解説】','AUrNPzs3kEc','https://skpacket.s3.ap-northeast-1.amazonaws.com/thumbnail/AUrNPzs3kEc.jpg','00:16:32'),('M00000000298','放牧されるずんだもん','NRPUc_RLOLs','https://skpacket.s3.ap-northeast-1.amazonaws.com/thumbnail/NRPUc_RLOLs.jpg','00:01:33'),('M00000000299','社員を精神的に追い詰めて合法的に辞めさせた恐るべき手法４選【実際にあった】','j-B-kVNwuNo','https://skpacket.s3.ap-northeast-1.amazonaws.com/thumbnail/j-B-kVNwuNo.jpg','00:09:32'),('M00000000300','【大阪王将ナメクジ事件】無敵の人に告発されたブラック企業の末路【ずんだもん＆ゆっくり解説】','vWJQu6Z_iWw','https://skpacket.s3.ap-northeast-1.amazonaws.com/thumbnail/vWJQu6Z_iWw.jpg','00:13:20'),('M00000000301','【アルバニア】ずんだもんと学ぶヤバい国解説【無宗教･鎖国･ねずみ講】','rsnzY4KGxbM','https://skpacket.s3.ap-northeast-1.amazonaws.com/thumbnail/rsnzY4KGxbM.jpg','00:12:04'),('M00000000302','世界最強スーパーのウォルマート、なぜ嫌われてしまったのか【ずんだもん＆ゆっくり解説】','tF2HzKBsr6Y','https://skpacket.s3.ap-northeast-1.amazonaws.com/thumbnail/tF2HzKBsr6Y.jpg','00:09:58'),('M00000000303','【BOF:ET】??????????️?? ／ 立秋feat.ちょこ','TM93ntGYLGg','https://skpacket.s3.ap-northeast-1.amazonaws.com/thumbnail/TM93ntGYLGg.jpg','00:02:04'),('M00000000304','click nice?','z0p9S23muuo','https://skpacket.s3.ap-northeast-1.amazonaws.com/thumbnail/z0p9S23muuo.jpg','00:00:03'),('M00000000305','PEOPLE 1 “銃の部品” （Official Video）','uwhDmk-aPP0','https://skpacket.s3.ap-northeast-1.amazonaws.com/thumbnail/uwhDmk-aPP0.jpg','00:02:44'),('M00000000306','【心理学】サボる奴には理由があった！！効率的に働かせるコツ【ずんだもん解説】','6oDHwcJKkw0','https://skpacket.s3.ap-northeast-1.amazonaws.com/thumbnail/6oDHwcJKkw0.jpg','00:05:31'),('M00000000307','【漫才解説】ずんだもんと学ぶ「地球平面説」','73tUR81VQHc','https://skpacket.s3.ap-northeast-1.amazonaws.com/thumbnail/73tUR81VQHc.jpg','00:15:14'),('M00000000308','クソゲーをプレイするずんだもん','YdpexekzWjQ','https://skpacket.s3.ap-northeast-1.amazonaws.com/thumbnail/YdpexekzWjQ.jpg','00:10:41'),('M00000000309','AIが生成したイラストから生まれたネットミーム4選【ずんだもん解説】','d_LintMZSZM','https://skpacket.s3.ap-northeast-1.amazonaws.com/thumbnail/d_LintMZSZM.jpg','00:07:11'),('M00000000310','Twitterの使い方｜初心者向けにツイッターの基本・用語・使い方を解説【はじめてのTwitter入門】','crNRUz5H8yA','https://skpacket.s3.ap-northeast-1.amazonaws.com/thumbnail/crNRUz5H8yA.jpg','00:16:32'),('M00000000311','「本物勢揃い」に紛れ込んだ「偽物１つ」違和感で見抜けるだろクイズ！！！','ZBTCXixQHW4','https://skpacket.s3.ap-northeast-1.amazonaws.com/thumbnail/ZBTCXixQHW4.jpg','00:21:58'),('M00000000312','獲ったお菓子を相手に食わせろ！満腹UFOキャッチャー！','zkxBnUSkXxE','https://skpacket.s3.ap-northeast-1.amazonaws.com/thumbnail/zkxBnUSkXxE.jpg','00:35:22'),('M00000000313','PEOPLE 1 “ラヴ・ソング” （Official Video）','5_ucK-pxhQA','https://skpacket.s3.ap-northeast-1.amazonaws.com/thumbnail/5_ucK-pxhQA.jpg','00:03:35'),('M00000000314','Flyway  / Leo/need × 鏡音レン','2GK1B1RshN4','https://skpacket.s3.ap-northeast-1.amazonaws.com/thumbnail/2GK1B1RshN4.jpg','00:03:16'),('M00000000315','Car swerving meme','pucZDuqENJM','https://skpacket.s3.ap-northeast-1.amazonaws.com/thumbnail/pucZDuqENJM.jpg','00:00:26'),('M00000000316','Dancing cars??#shorts','n2mgOgy3ABo','https://skpacket.s3.ap-northeast-1.amazonaws.com/thumbnail/n2mgOgy3ABo.jpg','00:00:27'),('M00000000317','Car Swerving Meme','IswHdbAq1U0','https://skpacket.s3.ap-northeast-1.amazonaws.com/thumbnail/IswHdbAq1U0.jpg','00:00:22'),('M00000000318','【MV】刀ピークリスマスのテーマソング2022 / ピーナッツくん','YMxQdHtQFGc','https://skpacket.s3.ap-northeast-1.amazonaws.com/thumbnail/YMxQdHtQFGc.jpg','00:04:09'),('M00000000319','ダイナミック自演ズ -ちがう!!! (We Are Different !!! (or Same)) Official MV','AOvvHI1_5mI','https://skpacket.s3.ap-northeast-1.amazonaws.com/thumbnail/AOvvHI1_5mI.jpg','00:04:30'),('M00000000320','【公式】『ちいかわ』第1話「かためのプリン／ホットケーキ」','pbQQAwSQUX4','https://skpacket.s3.ap-northeast-1.amazonaws.com/thumbnail/pbQQAwSQUX4.jpg','00:01:31'),('M00000000321','صبي يختبئ من رفاقه في حاوية ببنغلادش.. وخرج منها ليجد نفسه بماليزيا!','fCOFAI8h5N4','https://skpacket.s3.ap-northeast-1.amazonaws.com/thumbnail/fCOFAI8h5N4.jpg','00:01:49'),('M00000000322','','6TJ-NOaV4ff','https://skpacket.s3.ap-northeast-1.amazonaws.com/thumbnail/6TJ-NOaV4ff.jpg','00:13:25'),('M00000000323','','6TJ-NOaV4aa','https://skpacket.s3.ap-northeast-1.amazonaws.com/thumbnail/6TJ-NOaV4aa.jpg','00:09:09'),('M00000000324','METEOR ／ DIVELA feat.初音ミク','2kZVEUGLgy4','https://skpacket.s3.ap-northeast-1.amazonaws.com/thumbnail/2kZVEUGLgy4.jpg','00:04:32'),('M00000000325','Nintendo Direct 2023.2.9','yo-C2MTUhCQ','https://skpacket.s3.ap-northeast-1.amazonaws.com/thumbnail/yo-C2MTUhCQ.jpg','00:44:28'),('M00000000326','earth meal feat.asmi - Rin音(Official Music Video)','Et370U_2TgE','https://skpacket.s3.ap-northeast-1.amazonaws.com/thumbnail/Et370U_2TgE.jpg','00:04:48');
/*!40000 ALTER TABLE `movie` ENABLE KEYS */;
UNLOCK TABLES;

--
-- Table structure for table `response`
--

DROP TABLE IF EXISTS `response`;
/*!40101 SET @saved_cs_client     = @@character_set_client */;
/*!50503 SET character_set_client = utf8mb4 */;
CREATE TABLE `response` (
  `RESPONSE_CREATER` varchar(20) CHARACTER SET utf8 COLLATE utf8_general_ci NOT NULL,
  `RESPONSE_ID` varchar(20) CHARACTER SET utf8 COLLATE utf8_general_ci NOT NULL,
  `RESPONSE_NAME` varchar(200) CHARACTER SET utf8mb4 COLLATE utf8mb4_0900_ai_ci DEFAULT NULL,
  `THREAD_ID` varchar(20) CHARACTER SET utf8 COLLATE utf8_general_ci DEFAULT NULL,
  `MOVIE_ID` varchar(20) CHARACTER SET utf8 COLLATE utf8_general_ci DEFAULT NULL,
  `LIKE` int DEFAULT '0',
  `SHARE` int DEFAULT '0',
  `RESPONSE_SUBMIT` timestamp NULL DEFAULT CURRENT_TIMESTAMP,
  `ORIGIN_CREATER` varchar(20) CHARACTER SET utf8 COLLATE utf8_general_ci DEFAULT NULL,
  `ORIGIN_ID` varchar(20) CHARACTER SET utf8 COLLATE utf8_general_ci DEFAULT NULL,
  PRIMARY KEY (`RESPONSE_ID`,`RESPONSE_CREATER`),
  KEY `RESPONSE_CREATER` (`RESPONSE_CREATER`),
  KEY `THREAD_ID` (`THREAD_ID`),
  KEY `MOVIE_ID` (`MOVIE_ID`),
  KEY `response_ibfk_4` (`ORIGIN_CREATER`,`ORIGIN_ID`),
  CONSTRAINT `response_ibfk_1` FOREIGN KEY (`RESPONSE_CREATER`) REFERENCES `user` (`USER_ID`) ON DELETE CASCADE ON UPDATE CASCADE,
  CONSTRAINT `response_ibfk_2` FOREIGN KEY (`THREAD_ID`) REFERENCES `thread` (`THREAD_ID`) ON DELETE CASCADE ON UPDATE CASCADE,
  CONSTRAINT `response_ibfk_3` FOREIGN KEY (`MOVIE_ID`) REFERENCES `movie` (`MOVIE_ID`) ON DELETE CASCADE ON UPDATE CASCADE,
  CONSTRAINT `response_ibfk_4` FOREIGN KEY (`ORIGIN_CREATER`, `ORIGIN_ID`) REFERENCES `response` (`RESPONSE_CREATER`, `RESPONSE_ID`) ON DELETE SET NULL ON UPDATE SET NULL
) ENGINE=InnoDB DEFAULT CHARSET=utf8mb4 COLLATE=utf8mb4_0900_ai_ci;
/*!40101 SET character_set_client = @saved_cs_client */;

--
-- Dumping data for table `response`
--

LOCK TABLES `response` WRITE;
/*!40000 ALTER TABLE `response` DISABLE KEYS */;
INSERT INTO `response` VALUES ('U00000007','R000001','まあ、無難に見ときな','T000005','M00000000007',34835954,38,'2022-12-14 03:09:43',NULL,NULL),('U00000027','R000001','この投稿は共有されたものです',NULL,'M00000000195',0,0,'2023-02-01 06:57:45','U00000005','R000044'),('U00000029','R000001','この投稿は共有されたものです',NULL,'M00000000224',0,0,'2023-02-02 02:27:34','U00000028','R000003'),('U00000053','R000001','この投稿は共有されたものです',NULL,'M00000000255',0,0,'2023-02-09 03:30:25','U00000001','R000106'),('U00000002','R000002','こんにちは',NULL,'M00000000047',0,0,'2023-01-26 07:50:07',NULL,NULL),('U00000003','R000002','hi','T000032','M00000000017',0,0,'2023-01-20 06:48:42',NULL,NULL),('U00000004','R000002','faker様は最強です。','T000051','M00000000221',0,0,'2023-02-02 01:25:24',NULL,NULL),('U00000006','R000002','こんにちは！','T000004','M00000000003',2,33,'2022-12-20 02:36:30',NULL,NULL),('U00000010','R000002','おう','T000001','M00000000017',0,0,'2023-01-18 07:17:48',NULL,NULL),('U00000011','R000002','「Surges」の原曲が本当に好きなのでぜひ聞いてみてほしいです！','T000034','M00000000084',0,0,'2023-01-19 04:20:34',NULL,NULL),('U00000012','R000002','テストしてまーーす','T000001','M00000000017',0,0,'2023-01-20 07:24:41',NULL,NULL),('U00000014','R000002','Japanese Cokking Channel',NULL,'M00000000146',0,0,'2023-01-27 02:30:32',NULL,NULL),('U00000015','R000002','この時期、恋しくなりますよね。',NULL,'M00000000145',0,0,'2023-01-27 02:27:45',NULL,NULL),('U00000017','R000002','Oh!パモさん床の隙間の汚れWatch…','T000044','M00000000235',0,0,'2023-02-02 03:00:18',NULL,NULL),('U00000018','R000002','dadwdw','T000001','M00000000188',0,0,'2023-01-30 01:56:59',NULL,NULL),('U00000019','R000002','メインストーリーかっこよかったから見て！！','T000052','M00000000242',0,0,'2023-02-02 03:01:49',NULL,NULL),('U00000021','R000002','これすきなんだけど','T000044','M00000000003',0,0,'2023-01-30 05:03:31',NULL,NULL),('U00000025','R000002','オーケストラや吹奏楽好きに聞いてほしい動画','T000044','M00000000225',0,0,'2023-02-02 02:21:52',NULL,NULL),('U00000026','R000002','ヒトリエ：アンノウン・マザーグース','T000050','M00000000219',0,0,'2023-02-01 07:38:01',NULL,NULL),('U00000027','R000002','この投稿は共有されたものです',NULL,'M00000000195',0,0,'2023-02-01 06:57:45','U00000005','R000044'),('U00000029','R000002','。','T000044','M00000000229',0,0,'2023-02-02 02:35:06',NULL,NULL),('U00000030','R000002','適当です。はい。','T000044','M00000000232',0,0,'2023-02-02 02:38:01',NULL,NULL),('U00000031','R000002','泣いた','T000044','M00000000231',0,0,'2023-02-02 02:37:49',NULL,NULL),('U00000034','R000002','ｗ?',NULL,'M00000000253',0,0,'2023-02-02 04:29:57',NULL,NULL),('U00000041','R000002','a','T000037','M00000000283',0,0,'2023-02-07 01:13:19',NULL,NULL),('U00000048','R000002','あ','T000037','M00000000289',0,0,'2023-02-08 04:08:13',NULL,NULL),('U00000051','R000002','a',NULL,'M00000000311',0,0,'2023-02-08 07:49:22',NULL,NULL),('U00000052','R000002','aa','T000001','M00000000212',0,0,'2023-02-09 01:30:35',NULL,NULL),('U00000002','R000003','あ',NULL,'M00000000052',0,0,'2023-01-26 07:51:11',NULL,NULL),('U00000003','R000003','ujuh','T000022','M00000000092',0,0,'2023-01-23 04:49:58',NULL,NULL),('U00000004','R000003','EKIDEN RING ',NULL,'M00000000278',0,0,'2023-02-06 00:34:50',NULL,NULL),('U00000011','R000003','Henceforthも好きです...!!','T000034','M00000000085',0,0,'2023-01-19 04:21:40',NULL,NULL),('U00000012','R000003','じゃるじゃる','T000043','M00000000143',0,0,'2023-01-27 02:15:59',NULL,NULL),('U00000015','R000003','いちいちコメント書かなきゃいけないの面倒くね？？',NULL,'M00000000147',0,0,'2023-01-27 02:33:21',NULL,NULL),('U00000018','R000003','その心笑ってるね',NULL,'M00000000236',0,0,'2023-02-02 02:50:54',NULL,NULL),('U00000026','R000003','ヒトリエ：ワールドエンド・ダンスホール','T000050','M00000000220',0,0,'2023-02-01 07:44:31',NULL,NULL),('U00000027','R000003','この投稿は共有されたものです',NULL,'M00000000195',0,0,'2023-02-01 06:57:45','U00000005','R000044'),('U00000028','R000003','マイヘア最高','T000044','M00000000224',0,0,'2023-02-02 02:20:27',NULL,NULL),('U00000037','R000003','Twitterを楽しんでほしいです','T000060','M00000000310',0,0,'2023-02-08 07:34:59',NULL,NULL),('U00000048','R000003','あ','T000037','M00000000290',0,0,'2023-02-08 04:11:00',NULL,NULL),('U00000051','R000003','うぇい','T000001','M00000000312',0,0,'2023-02-08 07:50:15',NULL,NULL),('U00000003','R000004','bfd','T000001','M00000000093',0,0,'2023-01-23 04:52:36',NULL,NULL),('U00000004','R000004','ごとう珍○',NULL,'M00000000282',0,0,'2023-02-07 00:45:45',NULL,NULL),('U00000005','R000004','母の愛情を感じます','T000033','M00000000062',0,0,'2023-01-18 03:42:39',NULL,NULL),('U00000011','R000004','Uzの部分、キーボードのところをよく見ると「U→な、z→つ」って書いてあるんですよ。尊くないですか？','T000034','M00000000255',0,0,'2023-02-02 06:25:28',NULL,NULL),('U00000012','R000004','怪物君',NULL,'M00000000144',0,0,'2023-01-27 02:18:09',NULL,NULL),('U00000015','R000004','なんでいちいちコメント書かなきゃいけないんですか？','T000001','M00000000148',0,0,'2023-01-27 02:35:16',NULL,NULL),('U00000018','R000004','おはげの監督が魅力です',NULL,'M00000000238',0,0,'2023-02-02 02:53:44',NULL,NULL),('U00000025','R000004','【原神】キャラクター実戦紹介　ニィロウ(CV：金元寿子)「蓮舞のすがた」','T000052','M00000000228',0,0,'2023-02-02 02:34:29',NULL,NULL),('U00000027','R000004','この投稿は共有されたものです',NULL,'M00000000195',0,0,'2023-02-01 06:57:45','U00000005','R000044'),('U00000028','R000004','let\'s go','T000001','M00000000222',0,0,'2023-02-02 02:42:27',NULL,NULL),('U00000034','R000004','みろな？',NULL,'M00000000254',0,0,'2023-02-02 04:34:14',NULL,NULL),('U00000048','R000004','あ','T000037','M00000000291',0,0,'2023-02-08 04:20:10',NULL,NULL),('U00000003','R000005','ada','T000001','M00000000094',0,0,'2023-01-23 04:52:50',NULL,NULL),('U00000011','R000005','最後のサビ、本当に綺麗という言葉が似合う良い曲です','T000034','M00000000257',0,0,'2023-02-02 06:33:20',NULL,NULL),('U00000012','R000005','これでもみとけ','T000044','M00000000245',0,0,'2023-02-02 03:05:59',NULL,NULL),('U00000015','R000005','DO AS I SAY','T000001','M00000000149',0,0,'2023-01-27 02:36:02',NULL,NULL),('U00000016','R000005','日蓮大聖人の御生涯ーーそれは、全人類の不幸を根絶し、すべての人々に仏の境涯を開かせたいとの誓願と慈悲に貫かれた妙法弘通の御一生でした。そして、民衆の幸福を阻む一切の悪を責め抜き、大難に次ぐ大難の御生涯でもありました。','T000001','M00000000156',0,0,'2023-01-27 04:25:54',NULL,NULL),('U00000018','R000005','結構面白いです','T000037','M00000000243',0,0,'2023-02-02 03:02:52',NULL,NULL),('U00000025','R000005','【原神】キャラクター実戦紹介　楓原万葉(CV：島﨑信長)「風流韻事」','T000052','M00000000233',0,0,'2023-02-02 02:38:58',NULL,NULL),('U00000027','R000005','この投稿は共有されたものです',NULL,'M00000000195',0,0,'2023-02-01 06:57:45','U00000005','R000044'),('U00000034','R000005','NEE最近の流行やで',NULL,'M00000000256',0,0,'2023-02-02 06:33:05',NULL,NULL),('U00000001','R000006','犬がかわいいんじゃ','T000001','M00000000038',0,0,'2023-01-16 03:15:26',NULL,NULL),('U00000003','R000006','drg','T000001','M00000000094',0,0,'2023-01-23 04:53:48',NULL,NULL),('U00000011','R000006','「願ったんなら叶えてしまえや」ってフレーズ、一番好きです。','T000034','M00000000258',0,0,'2023-02-02 06:34:41',NULL,NULL),('U00000016','R000006','日蓮大聖人の御生涯ーーそれは、全人類の不幸を根絶し、すべての人々に仏の境涯を開かせたいとの誓願と慈悲に貫かれた妙法弘通の御一生でした。そして、民衆の幸福を阻む一切の悪を責め抜き、大難に次ぐ大難の御生涯でもありました。','T000001','M00000000157',0,0,'2023-01-27 04:26:27',NULL,NULL),('U00000025','R000006','【原神】キャラクター実戦紹介　宵宮(CV：植田佳奈)「真夏の飛焔」','T000052','M00000000234',0,0,'2023-02-02 02:42:18',NULL,NULL),('U00000027','R000006','この投稿は共有されたものです',NULL,'M00000000195',0,0,'2023-02-01 06:57:46','U00000005','R000044'),('U00000034','R000006','最近の流行り','T000044','M00000000256',0,0,'2023-02-02 06:34:21',NULL,NULL),('U00000002','R000007','nfggffn','T000037','M00000000142',0,0,'2023-01-27 00:14:13',NULL,NULL),('U00000003','R000007','htr','T000001','M00000000095',0,0,'2023-01-23 04:53:57',NULL,NULL),('U00000005','R000007','おすすめ','T000033','M00000000065',0,0,'2023-01-18 03:51:15',NULL,NULL),('U00000011','R000007','色んな悩みがある中で、それでも前に進もう\nといった歌詞がとても好きなんです。','T000034','M00000000086',0,0,'2023-02-02 06:36:18',NULL,NULL),('U00000015','R000007','PV',NULL,'M00000000150',0,0,'2023-01-27 02:44:05',NULL,NULL),('U00000016','R000007','日蓮大聖人の御生涯ーーそれは、全人類の不幸を根絶し、すべての人々に仏の境涯を開かせたいとの誓願と慈悲に貫かれた妙法弘通の御一生でした。そして、民衆の幸福を阻む一切の悪を責め抜き、大難に次ぐ大難の御生涯でもありました','T000001','M00000000158',0,0,'2023-01-27 04:26:52',NULL,NULL),('U00000025','R000007','パモさん構文','T000001','M00000000235',0,0,'2023-02-02 02:45:45',NULL,NULL),('U00000027','R000007','この投稿は共有されたものです',NULL,'M00000000195',0,0,'2023-02-01 06:57:46','U00000005','R000044'),('U00000002','R000008','この投稿は共有されたものです',NULL,'M00000000092',0,0,'2023-01-27 00:47:31','U00000003','R000003'),('U00000003','R000008','kuk','T000001','M00000000095',0,0,'2023-01-23 04:55:45',NULL,NULL),('U00000005','R000008','ノスタルジック','T000033','M00000000066',0,0,'2023-01-18 03:53:09',NULL,NULL),('U00000011','R000008','２番が終わった後のエレキギターの部分に注目、めちゃめちゃかっこいいです。。。','T000034','M00000000259',0,0,'2023-02-02 06:38:16',NULL,NULL),('U00000025','R000008','【原神】キャラクター実戦紹介　ナヒーダ(CV：田村ゆかり)「無垠無憂」','T000052','M00000000237',0,0,'2023-02-02 02:53:28',NULL,NULL),('U00000027','R000008','この投稿は共有されたものです',NULL,'M00000000195',0,0,'2023-02-01 06:57:46','U00000005','R000044'),('U00000048','R000008','放牧されるずんだもん','T000058','M00000000298',0,0,'2023-02-08 06:44:42',NULL,NULL),('U00000003','R000009','hmdf','T000001','M00000000096',0,0,'2023-01-23 04:55:52',NULL,NULL),('U00000011','R000009','夏をこの一曲に凝縮しているような、そんな歌です。','T000034','M00000000260',0,0,'2023-02-02 06:39:50',NULL,NULL),('U00000015','R000009','動画を再生できない動画がございます。','T000044','M00000000198',0,0,'2023-01-31 02:50:08',NULL,NULL),('U00000025','R000009','１人で見ると鬱になる抗うつ剤','T000001','M00000000239',0,0,'2023-02-02 02:55:33',NULL,NULL),('U00000027','R000009','この投稿は共有されたものです',NULL,'M00000000195',0,0,'2023-02-01 06:57:46','U00000005','R000044'),('U00000048','R000009','crazy','T000058','M00000000301',0,0,'2023-02-08 06:50:48',NULL,NULL),('U00000003','R000010','ngf','T000001','M00000000096',0,0,'2023-01-23 04:56:13',NULL,NULL),('U00000011','R000010','前向きになれない、そんな人に聞いてほしいです。','T000034','M00000000261',0,0,'2023-02-02 06:41:56',NULL,NULL),('U00000015','R000010','この投稿は共有されたものです',NULL,'M00000000198',0,0,'2023-02-02 04:27:17','U00000015','R000009'),('U00000025','R000010','３期制作決定','T000044','M00000000248',0,0,'2023-02-02 03:21:22',NULL,NULL),('U00000027','R000010','この投稿は共有されたものです',NULL,'M00000000195',0,0,'2023-02-01 06:57:46','U00000005','R000044'),('U00000048','R000010','a','T000059','M00000000303',0,0,'2023-02-08 06:51:52',NULL,NULL),('U00000002','R000011','mietetu','T000001','M00000000141',0,0,'2023-02-01 04:07:32',NULL,NULL),('U00000003','R000011','a','T000008','M00000000092',0,0,'2023-01-24 02:06:38',NULL,NULL),('U00000005','R000011','a','T000033','M00000000074',0,0,'2023-01-19 02:47:47',NULL,NULL),('U00000011','R000011','この曲もいいんですが、この曲のカバーも最高なものが多いのでおすすめです。','T000034','M00000000262',0,0,'2023-02-02 06:44:38',NULL,NULL),('U00000015','R000011','眠れるまで、少し私とお話ぃしていきませんか？','T000001','M00000000252',0,0,'2023-02-02 04:29:41',NULL,NULL),('U00000027','R000011','この投稿は共有されたものです',NULL,'M00000000195',0,0,'2023-02-01 06:57:47','U00000005','R000044'),('U00000048','R000011','a','T000037','M00000000313',0,0,'2023-02-09 00:50:16',NULL,NULL),('U00000002','R000012','htfh','T000001','M00000000210',0,0,'2023-02-01 04:07:48',NULL,NULL),('U00000003','R000012','ddd',NULL,'M00000000209',0,0,'2023-02-01 04:02:55',NULL,NULL),('U00000005','R000012','ああｓ','T000033','M00000000075',0,0,'2023-01-19 02:53:02',NULL,NULL),('U00000011','R000012','これをバンドでやってみてほしさ、あります。','T000034','M00000000263',0,0,'2023-02-02 06:45:32',NULL,NULL),('U00000027','R000012','この投稿は共有されたものです',NULL,'M00000000195',0,0,'2023-02-01 06:57:47','U00000005','R000044'),('U00000048','R000012','a','T000037','M00000000314',0,0,'2023-02-09 00:51:08',NULL,NULL),('U00000001','R000013','あ','T000001','M00000000055',0,0,'2023-01-18 05:02:56',NULL,NULL),('U00000002','R000013','dfgf','T000001','M00000000093',0,0,'2023-02-01 04:10:43',NULL,NULL),('U00000005','R000013','さだｓ','T000033','M00000000076',0,0,'2023-01-19 02:57:03',NULL,NULL),('U00000011','R000013','Orangestarさんが復帰したときに出た曲です。最高すぎて最初聴いたときに、ちょっとうるっと来ました','T000034','M00000000264',0,0,'2023-02-02 06:47:13',NULL,NULL),('U00000027','R000013','この投稿は共有されたものです',NULL,'M00000000195',0,0,'2023-02-01 06:57:47','U00000005','R000044'),('U00000048','R000013','a','T000033','M00000000315',0,0,'2023-02-09 01:01:53',NULL,NULL),('U00000002','R000014','a','T000037','M00000000211',0,0,'2023-02-01 04:15:30',NULL,NULL),('U00000005','R000014','zoooooooo','T000033','M00000000077',0,0,'2023-01-19 03:00:31',NULL,NULL),('U00000011','R000014','シンクロナイザー','T000034','M00000000265',0,0,'2023-02-02 06:53:21',NULL,NULL),('U00000027','R000014','この投稿は共有されたものです',NULL,'M00000000195',0,0,'2023-02-01 06:57:47','U00000005','R000044'),('U00000048','R000014','a','T000033','M00000000316',0,0,'2023-02-09 01:06:21',NULL,NULL),('U00000002','R000015','a','T000037','M00000000212',0,0,'2023-02-01 04:16:12',NULL,NULL),('U00000005','R000015','party time','T000033','M00000000078',0,0,'2023-01-19 03:12:20',NULL,NULL),('U00000011','R000015','最＆高','T000034','M00000000266',0,0,'2023-02-02 06:54:36',NULL,NULL),('U00000027','R000015','この投稿は共有されたものです',NULL,'M00000000195',0,0,'2023-02-01 06:57:47','U00000005','R000044'),('U00000048','R000015','a','T000037','M00000000317',0,0,'2023-02-09 01:48:29',NULL,NULL),('U00000001','R000016','sssssssssssssss','T000022','M00000000052',0,0,'2023-01-18 05:40:49',NULL,NULL),('U00000002','R000016','q','T000037','M00000000214',0,0,'2023-02-01 04:18:45',NULL,NULL),('U00000005','R000016','挑む','T000033','M00000000079',0,0,'2023-01-19 03:21:48',NULL,NULL),('U00000011','R000016','最後のサビが好きすぎて、毎回あがってます','T000034','M00000000268',0,0,'2023-02-02 06:56:37',NULL,NULL),('U00000027','R000016','この投稿は共有されたものです',NULL,'M00000000195',0,0,'2023-02-01 06:57:48','U00000005','R000044'),('U00000048','R000016','a','T000033','M00000000318',0,0,'2023-02-09 01:55:47',NULL,NULL),('U00000002','R000017','a','T000037','M00000000215',0,0,'2023-02-01 04:20:14',NULL,NULL),('U00000005','R000017','ふまｎ','T000033','M00000000080',0,0,'2023-01-19 03:24:42',NULL,NULL),('U00000011','R000017','n-bunaさん、すき','T000034','M00000000270',0,0,'2023-02-02 07:24:55',NULL,NULL),('U00000027','R000017','この投稿は共有されたものです',NULL,'M00000000195',0,0,'2023-02-01 06:57:48','U00000005','R000044'),('U00000048','R000017','s','T000037','M00000000319',0,0,'2023-02-09 01:59:18',NULL,NULL),('U00000001','R000018','いいぞ','T000001','M00000000039',0,0,'2023-01-18 07:12:22',NULL,NULL),('U00000002','R000018','a','T000037','M00000000216',0,0,'2023-02-01 04:26:26',NULL,NULL),('U00000005','R000018','あささささ','T000033','M00000000081',0,0,'2023-01-19 03:27:12',NULL,NULL),('U00000027','R000018','この投稿は共有されたものです',NULL,'M00000000195',0,0,'2023-02-01 06:57:48','U00000005','R000044'),('U00000048','R000018','aa','T000033','M00000000320',0,0,'2023-02-09 05:10:05',NULL,NULL),('U00000001','R000019','ねもうす','T000001','M00000000071',0,0,'2023-01-18 07:12:52',NULL,NULL),('U00000002','R000019','この投稿は共有されたものです',NULL,'M00000000195',0,0,'2023-02-01 06:56:12','U00000005','R000044'),('U00000005','R000019','ｓ','T000033','M00000000082',0,0,'2023-01-19 03:28:25',NULL,NULL),('U00000016','R000019','感動しました','T000046','M00000000202',0,0,'2023-01-31 02:44:39',NULL,NULL),('U00000027','R000019','この投稿は共有されたものです',NULL,'M00000000195',0,0,'2023-02-01 06:57:48','U00000005','R000044'),('U00000048','R000019','あ','T000033','M00000000321',0,0,'2023-02-09 05:11:15',NULL,NULL),('U00000002','R000020','very very cute ❤',NULL,'M00000000247',0,0,'2023-02-02 03:14:26',NULL,NULL),('U00000005','R000020','せんななひゃく','T000033','M00000000087',0,0,'2023-01-19 04:25:47',NULL,NULL),('U00000016','R000020','最高','T000046','M00000000203',0,0,'2023-01-31 02:46:30',NULL,NULL),('U00000027','R000020','この投稿は共有されたものです',NULL,'M00000000195',0,0,'2023-02-01 06:57:49','U00000005','R000044'),('U00000048','R000020','a','T000037','M00000000324',0,0,'2023-02-10 03:50:17',NULL,NULL),('U00000002','R000021','やっぱkrやな','T000027','M00000000277',0,0,'2023-02-03 00:10:09',NULL,NULL),('U00000005','R000021','三浪','T000022','M00000000089',0,0,'2023-01-19 06:13:29',NULL,NULL),('U00000016','R000021','時代','T000046','M00000000205',0,0,'2023-01-31 02:52:55',NULL,NULL),('U00000027','R000021','この投稿は共有されたものです',NULL,'M00000000195',0,0,'2023-02-01 06:57:49','U00000005','R000044'),('U00000048','R000021','a','T000037','M00000000325',0,0,'2023-02-10 03:52:12',NULL,NULL),('U00000002','R000022','いっぬいいね',NULL,'M00000000211',0,0,'2023-02-03 07:45:36',NULL,NULL),('U00000016','R000022','お題目 三万遍','T000033','M00000000208',0,0,'2023-02-01 01:45:31',NULL,NULL),('U00000027','R000022','この投稿は共有されたものです',NULL,'M00000000195',0,0,'2023-02-01 06:57:49','U00000005','R000044'),('U00000048','R000022','a','T000044','M00000000326',0,0,'2023-02-10 03:56:21',NULL,NULL),('U00000002','R000023','右斜め前',NULL,'M00000000284',0,0,'2023-02-08 02:01:19',NULL,NULL),('U00000005','R000023','くやしいです！','T000027','M00000000091',0,0,'2023-01-19 06:38:19',NULL,NULL),('U00000016','R000023','毎日聴いてます。','T000044','M00000000223',0,0,'2023-02-02 02:14:47',NULL,NULL),('U00000027','R000023','この投稿は共有されたものです',NULL,'M00000000195',0,0,'2023-02-01 06:57:49','U00000005','R000044'),('U00000002','R000024','ｈｔｔｈｈ',NULL,'M00000000285',0,0,'2023-02-08 02:02:23',NULL,NULL),('U00000005','R000024','fasfaff','T000001','M00000000101',0,0,'2023-01-23 05:11:09',NULL,NULL),('U00000016','R000024','感動しました。','T000001','M00000000226',0,0,'2023-02-02 02:27:20',NULL,NULL),('U00000027','R000024','この投稿は共有されたものです',NULL,'M00000000195',0,0,'2023-02-01 06:57:49','U00000005','R000044'),('U00000002','R000025','かっこいい',NULL,'M00000000286',0,0,'2023-02-08 02:29:45',NULL,NULL),('U00000005','R000025','dadadasf','T000001','M00000000101',0,0,'2023-01-23 05:13:01',NULL,NULL),('U00000016','R000025','先生のお言葉です','T000046','M00000000240',0,0,'2023-02-02 02:57:59',NULL,NULL),('U00000027','R000025','この投稿は共有されたものです',NULL,'M00000000195',0,0,'2023-02-01 06:57:50','U00000005','R000044'),('U00000002','R000026','ああ',NULL,'M00000000287',0,0,'2023-02-08 02:38:02',NULL,NULL),('U00000016','R000026','必ず聞きましょう','T000046','M00000000241',0,0,'2023-02-02 02:58:57',NULL,NULL),('U00000027','R000026','この投稿は共有されたものです',NULL,'M00000000195',0,0,'2023-02-01 06:57:50','U00000005','R000044'),('U00000002','R000027','でてけぇええええええええええええええええええええええええええええええええええええええええええええええええええええええええええええええええええええええええええええ',NULL,'M00000000288',0,0,'2023-02-08 02:45:19',NULL,NULL),('U00000005','R000027','あｓふぁせｗ','T000001','M00000000102',0,0,'2023-01-23 05:36:29',NULL,NULL),('U00000016','R000027','夢','T000046','M00000000244',0,0,'2023-02-02 03:03:13',NULL,NULL),('U00000027','R000027','この投稿は共有されたものです',NULL,'M00000000195',0,0,'2023-02-01 06:57:50','U00000005','R000044'),('U00000002','R000028','この投稿は共有されたものです',NULL,'M00000000262',0,0,'2023-02-08 04:27:14','U00000011','R000011'),('U00000005','R000028','ふぁｓｄふぇｆ','T000001','M00000000102',0,0,'2023-01-23 05:37:43',NULL,NULL),('U00000027','R000028','この投稿は共有されたものです',NULL,'M00000000195',0,0,'2023-02-01 06:57:50','U00000005','R000044'),('U00000001','R000029','これ聞いておけば間違いない','T000039','M00000000071',0,0,'2023-01-25 02:43:00',NULL,NULL),('U00000002','R000029','洋画','T000037','M00000000294',0,0,'2023-02-08 06:14:42',NULL,NULL),('U00000005','R000029','だｓだｓ','T000001','M00000000103',0,0,'2023-01-23 05:38:01',NULL,NULL),('U00000027','R000029','この投稿は共有されたものです',NULL,'M00000000195',0,0,'2023-02-01 06:57:50','U00000005','R000044'),('U00000001','R000030','a','T000001','M00000000071',0,0,'2023-01-25 03:39:12',NULL,NULL),('U00000002','R000030','a',NULL,'M00000000211',0,0,'2023-02-09 00:35:09',NULL,NULL),('U00000005','R000030','だｓｓだｓだ','T000001','M00000000103',0,0,'2023-01-23 05:39:06',NULL,NULL),('U00000027','R000030','この投稿は共有されたものです',NULL,'M00000000195',0,0,'2023-02-01 06:57:51','U00000005','R000044'),('U00000002','R000031','aeeeee',NULL,'M00000000211',0,0,'2023-02-09 00:46:14',NULL,NULL),('U00000005','R000031','だｓｄｑｗで','T000001','M00000000104',0,0,'2023-01-23 05:40:26',NULL,NULL),('U00000027','R000031','この投稿は共有されたものです',NULL,'M00000000195',0,0,'2023-02-01 06:57:51','U00000005','R000044'),('U00000002','R000032','aa','T000001','M00000000211',0,0,'2023-02-09 01:34:49',NULL,NULL),('U00000005','R000032','だｓだｗ','T000001','M00000000105',0,0,'2023-01-23 05:41:40',NULL,NULL),('U00000027','R000032','この投稿は共有されたものです',NULL,'M00000000195',0,0,'2023-02-01 06:57:51','U00000005','R000044'),('U00000005','R000033','dawfefwef','T000001','M00000000107',0,0,'2023-01-23 06:01:02',NULL,NULL),('U00000027','R000033','この投稿は共有されたものです',NULL,'M00000000195',0,0,'2023-02-01 06:57:51','U00000005','R000044'),('U00000001','R000034','この投稿は共有されたものです',NULL,'M00000000082',0,0,'2023-01-26 02:24:58','U00000005','R000019'),('U00000005','R000034','asdqawdcs','T000001','M00000000108',0,0,'2023-01-23 06:05:54',NULL,NULL),('U00000027','R000034','この投稿は共有されたものです',NULL,'M00000000208',0,0,'2023-02-01 06:58:26','U00000016','R000022'),('U00000027','R000035','この投稿は共有されたものです',NULL,'M00000000208',0,0,'2023-02-01 06:58:26','U00000016','R000022'),('U00000005','R000036','だｓだｄ','T000033','M00000000182',0,0,'2023-01-30 01:19:05',NULL,NULL),('U00000027','R000036','この投稿は共有されたものです',NULL,'M00000000208',0,0,'2023-02-01 06:58:26','U00000016','R000022'),('U00000001','R000037','この投稿は共有されたものです',NULL,'M00000000087',0,0,'2023-01-26 06:50:06','U00000005','R000020'),('U00000027','R000037','この投稿は共有されたものです',NULL,'M00000000208',0,0,'2023-02-01 06:58:26','U00000016','R000022'),('U00000005','R000038','ｓｆｓｄふぇｆ','T000033','M00000000183',0,0,'2023-01-30 01:28:04',NULL,NULL),('U00000027','R000038','この投稿は共有されたものです',NULL,'M00000000208',0,0,'2023-02-01 06:58:27','U00000016','R000022'),('U00000005','R000039','あｓだｗだｄ','T000033','M00000000184',0,0,'2023-01-30 01:29:23',NULL,NULL),('U00000027','R000039','この投稿は共有されたものです',NULL,'M00000000208',0,0,'2023-02-01 06:58:27','U00000016','R000022'),('U00000001','R000040','この投稿は共有されたものです',NULL,'M00000000143',0,0,'2023-01-27 02:24:26','U00000012','R000003'),('U00000005','R000040','dasdaref','T000033','M00000000185',0,0,'2023-01-30 01:33:07',NULL,NULL),('U00000027','R000040','この投稿は共有されたものです',NULL,'M00000000208',0,0,'2023-02-01 06:58:27','U00000016','R000022'),('U00000001','R000041','この投稿は共有されたものです',NULL,'M00000000150',0,0,'2023-01-27 05:17:11','U00000015','R000007'),('U00000027','R000041','この投稿は共有されたものです',NULL,'M00000000208',0,0,'2023-02-01 06:58:27','U00000016','R000022'),('U00000001','R000042','この投稿は共有されたものです',NULL,'M00000000143',0,0,'2023-01-27 06:20:10','U00000012','R000003'),('U00000005','R000042','だｓだｗ','T000033','M00000000187',0,0,'2023-01-30 01:52:46',NULL,NULL),('U00000027','R000042','この投稿は共有されたものです',NULL,'M00000000208',0,0,'2023-02-01 06:58:27','U00000016','R000022'),('U00000005','R000043','dasdw','T000001','M00000000194',0,0,'2023-01-30 05:15:22',NULL,NULL),('U00000027','R000043','この投稿は共有されたものです',NULL,'M00000000208',0,0,'2023-02-01 06:58:27','U00000016','R000022'),('U00000005','R000044','dwdesef','T000001','M00000000195',0,0,'2023-01-30 05:18:36',NULL,NULL),('U00000027','R000044','この投稿は共有されたものです',NULL,'M00000000208',0,0,'2023-02-01 06:58:28','U00000016','R000022'),('U00000005','R000045','だｗだｄｆ','T000033','M00000000196',0,0,'2023-01-31 00:44:08',NULL,NULL),('U00000027','R000045','この投稿は共有されたものです',NULL,'M00000000208',0,0,'2023-02-01 06:58:28','U00000016','R000022'),('U00000001','R000046','あ','T000022','M00000000039',0,0,'2023-01-27 06:25:26',NULL,NULL),('U00000005','R000046','最高すぎてマジあげぽよ東大受験しちゃいますね～！','T000033','M00000000199',0,0,'2023-01-31 01:33:10',NULL,NULL),('U00000027','R000046','この投稿は共有されたものです',NULL,'M00000000208',0,0,'2023-02-01 06:58:28','U00000016','R000022'),('U00000005','R000047','あ','T000033','M00000000199',0,0,'2023-01-31 01:42:55',NULL,NULL),('U00000027','R000047','この投稿は共有されたものです',NULL,'M00000000208',0,0,'2023-02-01 06:58:28','U00000016','R000022'),('U00000005','R000048','やー！','T000033','M00000000200',0,0,'2023-01-31 02:18:32',NULL,NULL),('U00000027','R000048','この投稿は共有されたものです',NULL,'M00000000208',0,0,'2023-02-01 06:58:28','U00000016','R000022'),('U00000005','R000049','引っ越しが先や！！！','T000033','M00000000201',0,0,'2023-01-31 02:31:55',NULL,NULL),('U00000027','R000049','この投稿は共有されたものです',NULL,'M00000000208',0,0,'2023-02-01 06:58:29','U00000016','R000022'),('U00000005','R000050','感動しました','T000001','M00000000246',0,0,'2023-02-02 03:10:23',NULL,NULL),('U00000027','R000050','この投稿は共有されたものです',NULL,'M00000000208',0,0,'2023-02-01 06:58:29','U00000016','R000022'),('U00000005','R000051','いいぞ～','T000055','M00000000267',0,0,'2023-02-02 06:55:09',NULL,NULL),('U00000027','R000051','この投稿は共有されたものです',NULL,'M00000000208',0,0,'2023-02-01 06:58:29','U00000016','R000022'),('U00000005','R000052','いいぞ～\n','T000055','M00000000269',0,0,'2023-02-02 07:01:39',NULL,NULL),('U00000027','R000052','この投稿は共有されたものです',NULL,'M00000000208',0,0,'2023-02-01 06:58:29','U00000016','R000022'),('U00000005','R000053','序章','T000056','M00000000271',0,0,'2023-02-02 07:34:34',NULL,NULL),('U00000027','R000053','この投稿は共有されたものです',NULL,'M00000000208',0,0,'2023-02-01 06:58:29','U00000016','R000022'),('U00000005','R000054','序章','T000056','M00000000272',0,0,'2023-02-02 07:36:43',NULL,NULL),('U00000027','R000054','この投稿は共有されたものです',NULL,'M00000000208',0,0,'2023-02-01 06:58:30','U00000016','R000022'),('U00000005','R000055','鳩を敬え。それが正義だ。','T000056','M00000000273',0,0,'2023-02-02 07:38:01',NULL,NULL),('U00000027','R000055','この投稿は共有されたものです',NULL,'M00000000208',0,0,'2023-02-01 06:58:30','U00000016','R000022'),('U00000005','R000056','考えるな。感じろ。','T000056','M00000000274',0,0,'2023-02-02 07:40:44',NULL,NULL),('U00000027','R000056','この投稿は共有されたものです',NULL,'M00000000216',0,0,'2023-02-01 06:58:42','U00000002','R000018'),('U00000005','R000057','お前ら、のこのこって知ってるか？','T000056','M00000000275',0,0,'2023-02-02 07:42:07',NULL,NULL),('U00000027','R000057','この投稿は共有されたものです',NULL,'M00000000216',0,0,'2023-02-01 06:58:43','U00000002','R000018'),('U00000005','R000058','笑わなかったら、褒めてやる','T000056','M00000000276',0,0,'2023-02-02 07:42:53',NULL,NULL),('U00000027','R000058','この投稿は共有されたものです',NULL,'M00000000216',0,0,'2023-02-01 06:58:43','U00000002','R000018'),('U00000005','R000059','あ','T000033','M00000000279',0,0,'2023-02-06 01:35:29',NULL,NULL),('U00000027','R000059','この投稿は共有されたものです',NULL,'M00000000216',0,0,'2023-02-01 06:58:43','U00000002','R000018'),('U00000005','R000060','あ','T000037','M00000000280',0,0,'2023-02-06 01:40:12',NULL,NULL),('U00000027','R000060','この投稿は共有されたものです',NULL,'M00000000216',0,0,'2023-02-01 06:58:43','U00000002','R000018'),('U00000027','R000061','この投稿は共有されたものです',NULL,'M00000000216',0,0,'2023-02-01 06:58:44','U00000002','R000018'),('U00000027','R000062','この投稿は共有されたものです',NULL,'M00000000216',0,0,'2023-02-01 06:58:44','U00000002','R000018'),('U00000027','R000063','この投稿は共有されたものです',NULL,'M00000000216',0,0,'2023-02-01 06:58:44','U00000002','R000018'),('U00000001','R000064','この投稿は共有されたものです',NULL,'M00000000148',0,0,'2023-01-30 04:06:49','U00000015','R000004'),('U00000027','R000064','この投稿は共有されたものです',NULL,'M00000000216',0,0,'2023-02-01 06:58:44','U00000002','R000018'),('U00000027','R000065','この投稿は共有されたものです',NULL,'M00000000216',0,0,'2023-02-01 06:58:44','U00000002','R000018'),('U00000027','R000066','この投稿は共有されたものです',NULL,'M00000000216',0,0,'2023-02-01 06:58:45','U00000002','R000018'),('U00000027','R000067','この投稿は共有されたものです',NULL,'M00000000216',0,0,'2023-02-01 06:58:45','U00000002','R000018'),('U00000027','R000068','この投稿は共有されたものです',NULL,'M00000000216',0,0,'2023-02-01 06:58:45','U00000002','R000018'),('U00000001','R000069','ｓ',NULL,'M00000000039',0,0,'2023-01-30 05:56:16',NULL,NULL),('U00000027','R000069','この投稿は共有されたものです',NULL,'M00000000216',0,0,'2023-02-01 06:58:45','U00000002','R000018'),('U00000027','R000070','この投稿は共有されたものです',NULL,'M00000000216',0,0,'2023-02-01 06:58:45','U00000002','R000018'),('U00000027','R000071','この投稿は共有されたものです',NULL,'M00000000216',0,0,'2023-02-01 06:58:46','U00000002','R000018'),('U00000001','R000072','この投稿は共有されたものです',NULL,'M00000000198',0,0,'2023-01-31 03:19:05','U00000015','R000009'),('U00000027','R000072','この投稿は共有されたものです',NULL,'M00000000216',0,0,'2023-02-01 06:58:46','U00000002','R000018'),('U00000027','R000073','この投稿は共有されたものです',NULL,'M00000000216',0,0,'2023-02-01 06:58:46','U00000002','R000018'),('U00000001','R000074','この投稿は共有されたものです',NULL,'M00000000182',0,0,'2023-01-31 03:23:11','U00000005','R000036'),('U00000027','R000074','この投稿は共有されたものです',NULL,'M00000000216',0,0,'2023-02-01 06:58:46','U00000002','R000018'),('U00000001','R000075','この投稿は共有されたものです',NULL,'M00000000093',0,0,'2023-01-31 03:24:13','U00000003','R000004'),('U00000027','R000075','この投稿は共有されたものです',NULL,'M00000000216',0,0,'2023-02-01 06:58:46','U00000002','R000018'),('U00000027','R000076','この投稿は共有されたものです',NULL,'M00000000216',0,0,'2023-02-01 06:58:47','U00000002','R000018'),('U00000001','R000077','a','T000033','M00000000172',0,0,'2023-02-01 01:51:20',NULL,NULL),('U00000027','R000077','この投稿は共有されたものです',NULL,'M00000000216',0,0,'2023-02-01 06:58:47','U00000002','R000018'),('U00000001','R000078','この投稿は共有されたものです',NULL,'M00000000148',0,0,'2023-02-01 02:34:43','U00000015','R000004'),('U00000027','R000078','この投稿は共有されたものです',NULL,'M00000000216',0,0,'2023-02-01 06:58:47','U00000002','R000018'),('U00000001','R000079','この投稿は共有されたものです',NULL,'M00000000092',0,0,'2023-02-01 02:35:04','U00000003','R000011'),('U00000027','R000079','この投稿は共有されたものです',NULL,'M00000000216',0,0,'2023-02-01 06:58:47','U00000002','R000018'),('U00000001','R000080','この投稿は共有されたものです',NULL,'M00000000096',0,0,'2023-02-01 02:35:49','U00000003','R000009'),('U00000027','R000080','この投稿は共有されたものです',NULL,'M00000000216',0,0,'2023-02-01 06:58:47','U00000002','R000018'),('U00000027','R000081','この投稿は共有されたものです',NULL,'M00000000216',0,0,'2023-02-01 06:58:48','U00000002','R000018'),('U00000001','R000082','この投稿は共有されたものです',NULL,'M00000000092',0,0,'2023-02-01 06:00:34','U00000003','R000003'),('U00000027','R000082','この投稿は共有されたものです',NULL,'M00000000216',0,0,'2023-02-01 06:58:48','U00000002','R000018'),('U00000001','R000083','この投稿は共有されたものです',NULL,'M00000000198',0,0,'2023-02-01 06:01:01','U00000015','R000009'),('U00000027','R000083','この投稿は共有されたものです',NULL,'M00000000216',0,0,'2023-02-01 06:58:48','U00000002','R000018'),('U00000027','R000084','この投稿は共有されたものです',NULL,'M00000000216',0,0,'2023-02-01 06:58:48','U00000002','R000018'),('U00000027','R000085','この投稿は共有されたものです',NULL,'M00000000216',0,0,'2023-02-01 06:58:48','U00000002','R000018'),('U00000001','R000086','皆これ聞いてみてほしい','T000044','M00000000219',0,0,'2023-02-02 02:19:04',NULL,NULL),('U00000027','R000086','この投稿は共有されたものです',NULL,'M00000000216',0,0,'2023-02-01 06:58:49','U00000002','R000018'),('U00000001','R000087','この投稿は共有されたものです',NULL,'M00000000211',0,0,'2023-02-08 01:39:15','U00000002','R000022'),('U00000027','R000087','この投稿は共有されたものです',NULL,'M00000000216',0,0,'2023-02-01 06:58:49','U00000002','R000018'),('U00000001','R000088','この投稿は共有されたものです',NULL,'M00000000211',0,0,'2023-02-08 01:39:16','U00000002','R000022'),('U00000027','R000088','この投稿は共有されたものです',NULL,'M00000000216',0,0,'2023-02-01 06:58:49','U00000002','R000018'),('U00000001','R000089','この投稿は共有されたものです',NULL,'M00000000285',0,0,'2023-02-08 02:30:17','U00000002','R000024'),('U00000027','R000089','この投稿は共有されたものです',NULL,'M00000000142',0,0,'2023-02-01 06:59:33','U00000002','R000007'),('U00000001','R000090','この投稿は共有されたものです',NULL,'M00000000286',0,0,'2023-02-08 02:48:08','U00000002','R000025'),('U00000027','R000090','この投稿は共有されたものです',NULL,'M00000000142',0,0,'2023-02-01 06:59:33','U00000002','R000007'),('U00000001','R000091','この投稿は共有されたものです',NULL,'M00000000288',0,0,'2023-02-08 02:50:42','U00000002','R000027'),('U00000027','R000091','この投稿は共有されたものです',NULL,'M00000000142',0,0,'2023-02-01 06:59:33','U00000002','R000007'),('U00000001','R000092','a',NULL,'M00000000039',0,0,'2023-02-08 03:25:27',NULL,NULL),('U00000027','R000092','この投稿は共有されたものです',NULL,'M00000000142',0,0,'2023-02-01 06:59:33','U00000002','R000007'),('U00000001','R000093','この投稿は共有されたものです',NULL,'M00000000242',0,0,'2023-02-08 04:30:28','U00000019','R000002'),('U00000027','R000093','この投稿は共有されたものです',NULL,'M00000000142',0,0,'2023-02-01 06:59:33','U00000002','R000007'),('U00000001','R000094','aaaaa','T000001','M00000000071',0,0,'2023-02-08 06:37:33',NULL,NULL),('U00000027','R000094','この投稿は共有されたものです',NULL,'M00000000142',0,0,'2023-02-01 06:59:33','U00000002','R000007'),('U00000001','R000095','夕張市について語るずんだもん','T000058','M00000000295',0,0,'2023-02-08 06:42:41',NULL,NULL),('U00000027','R000095','この投稿は共有されたものです',NULL,'M00000000142',0,0,'2023-02-01 06:59:34','U00000002','R000007'),('U00000001','R000096','仮想通貨について語るずんだもん','T000058','M00000000296',0,0,'2023-02-08 06:43:24',NULL,NULL),('U00000027','R000096','この投稿は共有されたものです',NULL,'M00000000142',0,0,'2023-02-01 06:59:34','U00000002','R000007'),('U00000001','R000097','ずんだもんと学ぶTwitterの近代歴史','T000058','M00000000297',0,0,'2023-02-08 06:44:16',NULL,NULL),('U00000027','R000097','この投稿は共有されたものです',NULL,'M00000000142',0,0,'2023-02-01 06:59:34','U00000002','R000007'),('U00000001','R000098','ブラック企業について、ずんだもんからお話があるそうです。。。','T000058','M00000000299',0,0,'2023-02-08 06:46:37',NULL,NULL),('U00000027','R000098','この投稿は共有されたものです',NULL,'M00000000142',0,0,'2023-02-01 06:59:34','U00000002','R000007'),('U00000001','R000099','閲覧注意です。。。','T000058','M00000000300',0,0,'2023-02-08 06:47:41',NULL,NULL),('U00000027','R000099','この投稿は共有されたものです',NULL,'M00000000142',0,0,'2023-02-01 06:59:34','U00000002','R000007'),('U00000001','R000100','「　ウ　ォ　ル　マ　ー　ト　」ってしってる？','T000058','M00000000302',0,0,'2023-02-08 06:51:46',NULL,NULL),('U00000027','R000100','この投稿は共有されたものです',NULL,'M00000000142',0,0,'2023-02-01 06:59:35','U00000002','R000007'),('U00000001','R000101','あ','T000001','M00000000305',0,0,'2023-02-08 07:07:22',NULL,NULL),('U00000027','R000101','この投稿は共有されたものです',NULL,'M00000000142',0,0,'2023-02-01 06:59:35','U00000002','R000007'),('U00000001','R000102','休憩の大事さを教えてくれるずんだもん','T000058','M00000000306',0,0,'2023-02-08 07:16:53',NULL,NULL),('U00000027','R000102','この投稿は共有されたものです',NULL,'M00000000142',0,0,'2023-02-01 06:59:35','U00000002','R000007'),('U00000001','R000103','色んな考え、あっていいと思うずんだもん','T000058','M00000000307',0,0,'2023-02-08 07:18:36',NULL,NULL),('U00000027','R000103','この投稿は共有されたものです',NULL,'M00000000142',0,0,'2023-02-01 06:59:35','U00000002','R000007'),('U00000001','R000104','クソゲーという文化、守りたいと思う。','T000058','M00000000308',0,0,'2023-02-08 07:19:28',NULL,NULL),('U00000027','R000104','この投稿は共有されたものです',NULL,'M00000000142',0,0,'2023-02-01 06:59:35','U00000002','R000007'),('U00000001','R000105','この投稿は共有されたものです',NULL,'M00000000255',0,0,'2023-02-09 01:38:40','U00000011','R000004'),('U00000027','R000105','この投稿は共有されたものです',NULL,'M00000000142',0,0,'2023-02-01 06:59:36','U00000002','R000007'),('U00000001','R000106','Uz、ほんとに好きなので布教しにきました','T000001','M00000000255',0,0,'2023-02-09 01:39:45',NULL,NULL),('U00000027','R000106','この投稿は共有されたものです',NULL,'M00000000142',0,0,'2023-02-01 06:59:36','U00000002','R000007'),('U00000001','R000107','Uz','T000044','M00000000255',0,0,'2023-02-09 01:40:18',NULL,NULL),('U00000027','R000107','この投稿は共有されたものです',NULL,'M00000000142',0,0,'2023-02-01 06:59:36','U00000002','R000007'),('U00000001','R000108','これいいぞ','T000039','M00000000255',0,0,'2023-02-09 01:40:58',NULL,NULL),('U00000027','R000108','この投稿は共有されたものです',NULL,'M00000000142',0,0,'2023-02-01 06:59:36','U00000002','R000007'),('U00000001','R000109','つ','T000027','M00000000255',0,0,'2023-02-09 01:41:28',NULL,NULL),('U00000027','R000109','この投稿は共有されたものです',NULL,'M00000000142',0,0,'2023-02-01 06:59:37','U00000002','R000007'),('U00000001','R000110','Uz','T000022','M00000000255',0,0,'2023-02-09 01:42:20',NULL,NULL),('U00000027','R000110','この投稿は共有されたものです',NULL,'M00000000142',0,0,'2023-02-01 06:59:37','U00000002','R000007'),('U00000027','R000111','この投稿は共有されたものです',NULL,'M00000000142',0,0,'2023-02-01 06:59:37','U00000002','R000007'),('U00000027','R000112','この投稿は共有されたものです',NULL,'M00000000142',0,0,'2023-02-01 06:59:37','U00000002','R000007'),('U00000027','R000113','この投稿は共有されたものです',NULL,'M00000000142',0,0,'2023-02-01 06:59:37','U00000002','R000007'),('U00000027','R000114','この投稿は共有されたものです',NULL,'M00000000142',0,0,'2023-02-01 06:59:38','U00000002','R000007'),('U00000027','R000115','この投稿は共有されたものです',NULL,'M00000000142',0,0,'2023-02-01 06:59:38','U00000002','R000007'),('U00000027','R000116','この投稿は共有されたものです',NULL,'M00000000142',0,0,'2023-02-01 06:59:38','U00000002','R000007'),('U00000027','R000117','この投稿は共有されたものです',NULL,'M00000000142',0,0,'2023-02-01 06:59:38','U00000002','R000007'),('U00000027','R000118','この投稿は共有されたものです',NULL,'M00000000142',0,0,'2023-02-01 06:59:38','U00000002','R000007'),('U00000027','R000119','この投稿は共有されたものです',NULL,'M00000000142',0,0,'2023-02-01 06:59:39','U00000002','R000007'),('U00000027','R000120','この投稿は共有されたものです',NULL,'M00000000142',0,0,'2023-02-01 06:59:39','U00000002','R000007'),('U00000027','R000121','この投稿は共有されたものです',NULL,'M00000000142',0,0,'2023-02-01 06:59:39','U00000002','R000007'),('U00000027','R000122','この投稿は共有されたものです',NULL,'M00000000142',0,0,'2023-02-01 06:59:39','U00000002','R000007'),('U00000027','R000123','この投稿は共有されたものです',NULL,'M00000000142',0,0,'2023-02-01 06:59:39','U00000002','R000007'),('U00000027','R000124','この投稿は共有されたものです',NULL,'M00000000142',0,0,'2023-02-01 06:59:40','U00000002','R000007'),('U00000027','R000125','この投稿は共有されたものです',NULL,'M00000000142',0,0,'2023-02-01 06:59:40','U00000002','R000007'),('U00000027','R000126','この投稿は共有されたものです',NULL,'M00000000142',0,0,'2023-02-01 06:59:40','U00000002','R000007'),('U00000027','R000127','この投稿は共有されたものです',NULL,'M00000000142',0,0,'2023-02-01 06:59:40','U00000002','R000007'),('U00000027','R000128','この投稿は共有されたものです',NULL,'M00000000142',0,0,'2023-02-01 06:59:40','U00000002','R000007'),('U00000027','R000129','この投稿は共有されたものです',NULL,'M00000000142',0,0,'2023-02-01 06:59:41','U00000002','R000007'),('U00000027','R000130','この投稿は共有されたものです',NULL,'M00000000142',0,0,'2023-02-01 06:59:41','U00000002','R000007'),('U00000027','R000131','この投稿は共有されたものです',NULL,'M00000000142',0,0,'2023-02-01 06:59:41','U00000002','R000007'),('U00000027','R000132','この投稿は共有されたものです',NULL,'M00000000142',0,0,'2023-02-01 06:59:41','U00000002','R000007'),('U00000027','R000133','この投稿は共有されたものです',NULL,'M00000000142',0,0,'2023-02-01 06:59:42','U00000002','R000007'),('U00000027','R000134','この投稿は共有されたものです',NULL,'M00000000142',0,0,'2023-02-01 06:59:42','U00000002','R000007'),('U00000027','R000135','この投稿は共有されたものです',NULL,'M00000000142',0,0,'2023-02-01 06:59:42','U00000002','R000007'),('U00000027','R000136','この投稿は共有されたものです',NULL,'M00000000142',0,0,'2023-02-01 06:59:42','U00000002','R000007'),('U00000027','R000137','この投稿は共有されたものです',NULL,'M00000000142',0,0,'2023-02-01 06:59:42','U00000002','R000007'),('U00000027','R000138','この投稿は共有されたものです',NULL,'M00000000142',0,0,'2023-02-01 06:59:43','U00000002','R000007'),('U00000027','R000139','この投稿は共有されたものです',NULL,'M00000000142',0,0,'2023-02-01 06:59:43','U00000002','R000007'),('U00000027','R000140','この投稿は共有されたものです',NULL,'M00000000142',0,0,'2023-02-01 06:59:43','U00000002','R000007'),('U00000027','R000141','この投稿は共有されたものです',NULL,'M00000000142',0,0,'2023-02-01 06:59:43','U00000002','R000007'),('U00000027','R000142','この投稿は共有されたものです',NULL,'M00000000142',0,0,'2023-02-01 06:59:43','U00000002','R000007'),('U00000027','R000143','この投稿は共有されたものです',NULL,'M00000000142',0,0,'2023-02-01 06:59:44','U00000002','R000007'),('U00000027','R000144','この投稿は共有されたものです',NULL,'M00000000142',0,0,'2023-02-01 06:59:44','U00000002','R000007'),('U00000027','R000145','この投稿は共有されたものです',NULL,'M00000000142',0,0,'2023-02-01 06:59:44','U00000002','R000007'),('U00000027','R000146','この投稿は共有されたものです',NULL,'M00000000142',0,0,'2023-02-01 06:59:44','U00000002','R000007'),('U00000027','R000147','この投稿は共有されたものです',NULL,'M00000000142',0,0,'2023-02-01 06:59:44','U00000002','R000007'),('U00000027','R000148','この投稿は共有されたものです',NULL,'M00000000142',0,0,'2023-02-01 06:59:45','U00000002','R000007'),('U00000027','R000149','この投稿は共有されたものです',NULL,'M00000000142',0,0,'2023-02-01 06:59:45','U00000002','R000007'),('U00000027','R000150','この投稿は共有されたものです',NULL,'M00000000142',0,0,'2023-02-01 06:59:45','U00000002','R000007'),('U00000027','R000151','この投稿は共有されたものです',NULL,'M00000000142',0,0,'2023-02-01 06:59:45','U00000002','R000007');
/*!40000 ALTER TABLE `response` ENABLE KEYS */;
UNLOCK TABLES;

--
-- Table structure for table `response_tag`
--

DROP TABLE IF EXISTS `response_tag`;
/*!40101 SET @saved_cs_client     = @@character_set_client */;
/*!50503 SET character_set_client = utf8mb4 */;
CREATE TABLE `response_tag` (
  `RESPONSE_CREATER` varchar(20) CHARACTER SET utf8 COLLATE utf8_general_ci NOT NULL,
  `RESPONSE_ID` varchar(20) CHARACTER SET utf8 COLLATE utf8_general_ci NOT NULL,
  `RESPONSE_TAG` varchar(20) CHARACTER SET utf8 COLLATE utf8_general_ci NOT NULL,
  PRIMARY KEY (`RESPONSE_CREATER`,`RESPONSE_ID`,`RESPONSE_TAG`),
  KEY `response_tag_ibfk_2_idx` (`RESPONSE_ID`),
  KEY `response_tag_ibfk_3_idx` (`RESPONSE_TAG`),
  CONSTRAINT `response_tag_ibfk_1` FOREIGN KEY (`RESPONSE_CREATER`) REFERENCES `response` (`RESPONSE_CREATER`) ON DELETE CASCADE ON UPDATE CASCADE,
  CONSTRAINT `response_tag_ibfk_2` FOREIGN KEY (`RESPONSE_ID`) REFERENCES `response` (`RESPONSE_ID`) ON DELETE CASCADE ON UPDATE CASCADE,
  CONSTRAINT `response_tag_ibfk_3` FOREIGN KEY (`RESPONSE_TAG`) REFERENCES `tag` (`TAG_ID`) ON DELETE CASCADE ON UPDATE CASCADE
) ENGINE=InnoDB DEFAULT CHARSET=utf8mb4 COLLATE=utf8mb4_0900_ai_ci;
/*!40101 SET character_set_client = @saved_cs_client */;

--
-- Dumping data for table `response_tag`
--

LOCK TABLES `response_tag` WRITE;
/*!40000 ALTER TABLE `response_tag` DISABLE KEYS */;
/*!40000 ALTER TABLE `response_tag` ENABLE KEYS */;
UNLOCK TABLES;

--
-- Table structure for table `tag`
--

DROP TABLE IF EXISTS `tag`;
/*!40101 SET @saved_cs_client     = @@character_set_client */;
/*!50503 SET character_set_client = utf8mb4 */;
CREATE TABLE `tag` (
  `TAG_ID` varchar(20) CHARACTER SET utf8 COLLATE utf8_general_ci NOT NULL,
  `TAG_NAME` varchar(20) CHARACTER SET utf8 COLLATE utf8_general_ci DEFAULT NULL,
  PRIMARY KEY (`TAG_ID`)
) ENGINE=InnoDB DEFAULT CHARSET=utf8mb4 COLLATE=utf8mb4_0900_ai_ci;
/*!40101 SET character_set_client = @saved_cs_client */;

--
-- Dumping data for table `tag`
--

LOCK TABLES `tag` WRITE;
/*!40000 ALTER TABLE `tag` DISABLE KEYS */;
INSERT INTO `tag` VALUES ('T0000001','最高');
/*!40000 ALTER TABLE `tag` ENABLE KEYS */;
UNLOCK TABLES;

--
-- Table structure for table `thread`
--

DROP TABLE IF EXISTS `thread`;
/*!40101 SET @saved_cs_client     = @@character_set_client */;
/*!50503 SET character_set_client = utf8mb4 */;
CREATE TABLE `thread` (
  `THREAD_ID` varchar(20) CHARACTER SET utf8 COLLATE utf8_general_ci NOT NULL,
  `THREAD_NAME` varchar(50) CHARACTER SET utf8mb4 COLLATE utf8mb4_0900_ai_ci NOT NULL,
  `THREAD_CREATER` varchar(20) CHARACTER SET utf8 COLLATE utf8_general_ci NOT NULL,
  `JENRE_ID` varchar(20) CHARACTER SET utf8 COLLATE utf8_general_ci DEFAULT NULL,
  `THREAD_SUBMIT` timestamp NULL DEFAULT CURRENT_TIMESTAMP,
  PRIMARY KEY (`THREAD_ID`),
  KEY `THREAD_CREATER` (`THREAD_CREATER`),
  KEY `JENRE_ID` (`JENRE_ID`),
  CONSTRAINT `thread_ibfk_1` FOREIGN KEY (`THREAD_CREATER`) REFERENCES `user` (`USER_ID`) ON DELETE CASCADE ON UPDATE CASCADE,
  CONSTRAINT `thread_ibfk_2` FOREIGN KEY (`JENRE_ID`) REFERENCES `jenre` (`JENRE_ID`) ON DELETE CASCADE ON UPDATE CASCADE
) ENGINE=InnoDB DEFAULT CHARSET=utf8mb4 COLLATE=utf8mb4_0900_ai_ci;
/*!40101 SET character_set_client = @saved_cs_client */;

--
-- Dumping data for table `thread`
--

LOCK TABLES `thread` WRITE;
/*!40000 ALTER TABLE `thread` DISABLE KEYS */;
INSERT INTO `thread` VALUES ('T000001','最近の流行りについて','U00000001','J0001','2022-11-30 15:00:00'),('T000002','センスある曲を教えてくれ','U00000002','J0002','2022-12-01 15:00:00'),('T000003','最近のJ-popってどうよ','U00000005','J0002','2022-12-02 15:00:00'),('T000004','2022年を代表する曲','U00000002','J0002','2022-12-03 15:00:00'),('T000005','暇なのでたてますた','U00000004','J0003','2022-12-04 15:00:00'),('T000006','日本の教育で一番大事なのは家庭科','U00000006','J0007','2022-12-05 15:00:00'),('T000008','音楽が！しりたい！！！','U00000003','J0002','2022-12-14 05:05:59'),('T000009','おれは敗北を知りたい','U00000002','J0005','2022-12-10 02:03:55'),('T000010','お前ら笑うな!!','U00000002','J0008','2023-01-11 03:25:17'),('T000013','music station','U00000002','J0002','2023-01-12 00:55:10'),('T000016','yee!!','U00000002','J0012','2023-01-12 02:11:18'),('T000017','hey guys , my name is majimasigeki','U00000002','J0013','2023-01-12 02:23:15'),('T000019','結婚したのか、俺以外のやつと','U00000002','J0003','2023-01-12 02:36:35'),('T000020','君はアンシェントロマン知っているか?','U00000002','J0004','2023-01-12 03:05:53'),('T000022','最近面白い動画を見つくしたので募集するわ','U00000002','J0001','2023-01-12 06:43:59'),('T000023','0','U00000002','J0002','2023-01-12 07:45:36'),('T000024','君は、駅伝リングを知っているか？','U00000002','J0004','2023-01-13 05:44:51'),('T000025','最近使っている洗顔フォーム','U00000002','J0006','2023-01-13 07:59:36'),('T000027','aa','U00000002','J0001','2023-01-16 01:01:27'),('T000030','音楽王を決めるスレッド','U00000002','J0002','2023-01-17 01:19:09'),('T000031','アニソン100選を決めようぜ','U00000001','J0002','2023-01-17 01:23:02'),('T000032','スポーツ','U00000003','J0003','2023-01-18 00:49:17'),('T000033','政治について語りましょう','U00000005','J0011','2023-01-18 03:26:06'),('T000034','OrangeStarさんの曲を共有したいです！\r\n気軽に投稿お願いしますー！','U00000011','J0002','2023-01-19 04:18:13'),('T000035','fsdd','U00000002','J0002','2023-01-20 00:47:52'),('T000036','最近のeスポーツ業界について','U00000002','J0003','2023-01-20 05:08:07'),('T000037','だ','U00000002','J0004','2023-01-23 03:13:29'),('T000038','yaayaaa','U00000003','J0006','2023-01-23 03:42:01'),('T000039','最近の音楽の流行り廃りってはやくね','U00000001','J0002','2023-01-25 02:42:34'),('T000042','お客さまぁ','U00000002','J0009','2023-01-26 02:44:40'),('T000043','はじめて作ってみました','U00000012','J0001','2023-01-27 02:15:11'),('T000044','S3A1の好きな曲を集めるスレッド','U00000001','J0001','2023-01-30 04:15:10'),('T000046','大川隆法先生の曲を共有したいです！気軽に投稿お願いします！','U00000016','J0002','2023-01-31 02:41:05'),('T000047','健康にいい動画集','U00000025','J0006','2023-01-31 02:50:37'),('T000048','aaaaaaaaaaaaaaaaaaaaaaaaaaaaaaaaaaaaaaaaaa','U00000003','J0008','2023-02-01 06:50:37'),('T000049','ああああああああああああああああああああああああああああああああああああああああああああああああああ','U00000003','J0007','2023-02-01 06:51:45'),('T000050','最近聴いている音楽を布教していくスレッド','U00000026','J0002','2023-02-01 07:34:50'),('T000051','最近のゲーム業界についてかたろう','U00000004','J0004','2023-02-02 01:24:06'),('T000052','原神攻略情報','U00000025','J0004','2023-02-02 02:33:05'),('T000053','てすと','U00000030','J0001','2023-02-02 02:33:11'),('T000054','音楽','U00000034','J0002','2023-02-02 04:25:22'),('T000055','好きな曲を淡々と上げる','U00000005','J0002','2023-02-02 06:48:13'),('T000056','土田のすゝめ','U00000005','J0001','2023-02-02 07:34:14'),('T000057','a','U00000002','J0002','2023-02-06 07:11:43'),('T000058','ずんだもんと学ぶ雑学','U00000001','J0008','2023-02-08 06:40:48'),('T000059','動画名テスト','U00000048','J0001','2023-02-08 06:49:45'),('T000060','ツイッターの使い方','U00000037','J0001','2023-02-08 07:34:23'),('T000061','モータースポーツについて','U00000026','J0003','2023-02-08 07:40:20'),('T000062','お前らと一緒','U00000002','J0005','2023-02-09 00:35:45'),('T000063','nice music!!!!!!!!!!!','U00000002','J0002','2023-02-09 00:46:32'),('T000064','aiueo','U00000003','J0006','2023-02-09 00:52:29');
/*!40000 ALTER TABLE `thread` ENABLE KEYS */;
UNLOCK TABLES;

--
-- Table structure for table `user`
--

DROP TABLE IF EXISTS `user`;
/*!40101 SET @saved_cs_client     = @@character_set_client */;
/*!50503 SET character_set_client = utf8mb4 */;
CREATE TABLE `user` (
  `USER_ID` varchar(20) CHARACTER SET utf8 COLLATE utf8_general_ci NOT NULL,
  `USER_NAME` varchar(20) CHARACTER SET utf8mb4 COLLATE utf8mb4_0900_ai_ci NOT NULL,
  `PASSWORD` varchar(64) CHARACTER SET utf8 COLLATE utf8_general_ci NOT NULL,
  `SEARCH_NAME` varchar(20) NOT NULL,
  `INTRODUCTION` varchar(120) DEFAULT NULL,
  `ICON` varchar(100) DEFAULT '/img/icon/user.png',
  `OPEN_DATE` timestamp NOT NULL DEFAULT CURRENT_TIMESTAMP,
  PRIMARY KEY (`USER_ID`),
  UNIQUE KEY `SEARCH_NAME_UNIQUE` (`SEARCH_NAME`)
) ENGINE=InnoDB DEFAULT CHARSET=utf8mb4 COLLATE=utf8mb4_0900_ai_ci;
/*!40101 SET character_set_client = @saved_cs_client */;

--
-- Dumping data for table `user`
--

LOCK TABLES `user` WRITE;
/*!40000 ALTER TABLE `user` DISABLE KEYS */;
INSERT INTO `user` VALUES ('U00000001','あべ　しゅんや','d74ff0ee8da3b9806b18c877dbf29bbde50b5bd8e4dad7a3a725000feb82e8f1','@Abemaru_sql','眠気と常日頃から戦ってます。勝率は３割。よろしくお願いします。','https://skpacket.s3.ap-northeast-1.amazonaws.com/icon/U00000001.jpg','2023-01-26 03:24:12'),('U00000002','よしだ　こうき','d74ff0ee8da3b9806b18c877dbf29bbde50b5bd8e4dad7a3a725000feb82e8f1','@yoshida_OvO','あいうえおキングが好きな21歳です。私の座右の銘は,[シンデレラは夜遊びしたから幸せになれた]です','https://skpacket.s3.ap-northeast-1.amazonaws.com/icon/U00000002.jpg','2023-01-26 03:24:12'),('U00000003','あさみん@モンスト','d74ff0ee8da3b9806b18c877dbf29bbde50b5bd8e4dad7a3a725000feb82e8f1','@asami_pan','スシロー推し！FX→×　投資信託→〇　twitter有料化反対座り込み運動会員　ワクチン未接種\r\n','https://skpacket.s3.ap-northeast-1.amazonaws.com/icon/U00000003.jpg?v=1','2023-01-26 03:24:12'),('U00000004','ra-chel','d74ff0ee8da3b9806b18c877dbf29bbde50b5bd8e4dad7a3a725000feb82e8f1','@Rei_Rei','　faker最強！！faker最強！！','https://skpacket.s3.ap-northeast-1.amazonaws.com/icon/U00000004.jpg','2023-01-26 03:24:12'),('U00000005','土田assssss','bebbc86abe7b598a7d2c4049f1ed3fb0061d26e4b8d8487c0d15f9780b5d6fcf','@土田','オレンジ色に茶色のストライプパッケージとなっている。ソフトパック。','https://skpacket.s3.ap-northeast-1.amazonaws.com/icon/U00000005.jpg?v=1','2023-01-26 03:24:12'),('U00000006','さとう　ようこ','d74ff0ee8da3b9806b18c877dbf29bbde50b5bd8e4dad7a3a725000feb82e8f1','@satouDeeees',NULL,'/img\\icon\\user.png','2023-01-26 03:24:12'),('U00000007','やまだ　たろう','d74ff0ee8da3b9806b18c877dbf29bbde50b5bd8e4dad7a3a725000feb82e8f1','@ya___ma',NULL,'/img\\icon\\user.png','2023-01-26 03:24:12'),('U00000008','ぽてちち','d74ff0ee8da3b9806b18c877dbf29bbde50b5bd8e4dad7a3a725000feb82e8f1','@femi','第5好きの陰キャです。一日でもいいからリア充なってみてぇ                                           好きな物は女の子です♡♡オスは滅びろと思っております♡よろしくね〜?','/img\\icon\\user.png','2023-01-26 03:24:12'),('U00000009','name1','d74ff0ee8da3b9806b18c877dbf29bbde50b5bd8e4dad7a3a725000feb82e8f1','@id1',NULL,'/img\\icon\\user.png','2023-01-26 03:24:12'),('U00000010','ツグミ','d74ff0ee8da3b9806b18c877dbf29bbde50b5bd8e4dad7a3a725000feb82e8f1','@taka_tsugu',NULL,'/img\\icon\\user.png','2023-01-26 03:24:12'),('U00000011','めろん','d74ff0ee8da3b9806b18c877dbf29bbde50b5bd8e4dad7a3a725000feb82e8f1','@melonP','','https://skpacket.s3.ap-northeast-1.amazonaws.com/icon/U00000011.jpg','2023-01-26 03:24:12'),('U00000012','テスター','d74ff0ee8da3b9806b18c877dbf29bbde50b5bd8e4dad7a3a725000feb82e8f1','@test001',NULL,'/img/icon/user.png','2023-01-26 03:24:12'),('U00000013','まさき','d74ff0ee8da3b9806b18c877dbf29bbde50b5bd8e4dad7a3a725000feb82e8f1','@masaking',NULL,'/img/icon/user.png','2023-01-26 07:02:36'),('U00000014','おけ','d74ff0ee8da3b9806b18c877dbf29bbde50b5bd8e4dad7a3a725000feb82e8f1','@rty',NULL,'/img/icon/user.png','2023-01-27 02:19:45'),('U00000015','バブリアス@個人勢Vtuber','66ce21299a6ad822bd3d9612fcb7168aabf2469656295855314ea0c6bdc873af','@katuretu','','https://skpacket.s3.ap-northeast-1.amazonaws.com/icon/U00000015.jpg','2023-01-27 02:26:02'),('U00000016','admin','d74ff0ee8da3b9806b18c877dbf29bbde50b5bd8e4dad7a3a725000feb82e8f1','@admin','','https://skpacket.s3.ap-northeast-1.amazonaws.com/icon/U00000016.jpg','2023-01-27 04:09:43'),('U00000017','ツグミ','5e884898da28047151d0e56f8dc6292773603d0d6aabbdd62a11ef721d1542d8','@346',NULL,'/img/icon/user.png','2023-01-27 06:31:11'),('U00000018','authentic','d74ff0ee8da3b9806b18c877dbf29bbde50b5bd8e4dad7a3a725000feb82e8f1','tm','','https://skpacket.s3.ap-northeast-1.amazonaws.com/icon/U00000018.jpg','2023-01-30 01:54:36'),('U00000019','石田','d74ff0ee8da3b9806b18c877dbf29bbde50b5bd8e4dad7a3a725000feb82e8f1','@isida',NULL,'/img/icon/user.png','2023-01-30 04:24:47'),('U00000020','内田','d74ff0ee8da3b9806b18c877dbf29bbde50b5bd8e4dad7a3a725000feb82e8f1','@uchida',NULL,'/img/icon/user.png','2023-01-30 04:26:03'),('U00000021','渡邉','d74ff0ee8da3b9806b18c877dbf29bbde50b5bd8e4dad7a3a725000feb82e8f1','@watanabe',NULL,'/img/icon/user.png','2023-01-30 05:01:11'),('U00000022','root','d74ff0ee8da3b9806b18c877dbf29bbde50b5bd8e4dad7a3a725000feb82e8f1','@root',NULL,'https://skpacket.s3.ap-northeast-1.amazonaws.com/icon/U00000022.jpg','2023-01-31 01:46:44'),('U00000023','administrator','d74ff0ee8da3b9806b18c877dbf29bbde50b5bd8e4dad7a3a725000feb82e8f1','@administrator',NULL,'/img/icon/user.png','2023-01-31 01:50:04'),('U00000024','ひらやま','d74ff0ee8da3b9806b18c877dbf29bbde50b5bd8e4dad7a3a725000feb82e8f1','@hirayama',NULL,'/img/icon/user.png','2023-01-31 02:44:19'),('U00000025','springno','5e884898da28047151d0e56f8dc6292773603d0d6aabbdd62a11ef721d1542d8','@springno','','https://skpacket.s3.ap-northeast-1.amazonaws.com/icon/U00000025.jpg','2023-01-31 02:45:43'),('U00000026','あべまる','d74ff0ee8da3b9806b18c877dbf29bbde50b5bd8e4dad7a3a725000feb82e8f1','@shun','','https://skpacket.s3.ap-northeast-1.amazonaws.com/icon/U00000026.jpg?v=1','2023-02-01 06:09:28'),('U00000027','あ','d74ff0ee8da3b9806b18c877dbf29bbde50b5bd8e4dad7a3a725000feb82e8f1','@aaaaa',NULL,'/img/icon/user.png','2023-02-01 06:57:07'),('U00000028','本日のお魚','3c9ae0956c18c061afa72c83339bf7d0d9964a56e44160435a2d657b5788d962','@hakariya','','https://skpacket.s3.ap-northeast-1.amazonaws.com/icon/U00000028.jpg?v=1','2023-02-02 02:03:45'),('U00000029','いのまた','d74ff0ee8da3b9806b18c877dbf29bbde50b5bd8e4dad7a3a725000feb82e8f1','@inomata',NULL,'/img/icon/user.png','2023-02-02 02:24:52'),('U00000030','はまむら','d74ff0ee8da3b9806b18c877dbf29bbde50b5bd8e4dad7a3a725000feb82e8f1','@hamamura','','https://skpacket.s3.ap-northeast-1.amazonaws.com/icon/U00000030.jpg','2023-02-02 02:31:34'),('U00000031','オールマイト(本物)','d74ff0ee8da3b9806b18c877dbf29bbde50b5bd8e4dad7a3a725000feb82e8f1','@watanabeM','','https://skpacket.s3.ap-northeast-1.amazonaws.com/icon/U00000031.jpg','2023-02-02 02:34:57'),('U00000032','ほほほい','d74ff0ee8da3b9806b18c877dbf29bbde50b5bd8e4dad7a3a725000feb82e8f1','@hohohoi',NULL,'/img/icon/user.png','2023-02-02 03:26:35'),('U00000033','oldschool','d74ff0ee8da3b9806b18c877dbf29bbde50b5bd8e4dad7a3a725000feb82e8f1','@tm','','https://skpacket.s3.ap-northeast-1.amazonaws.com/icon/U00000033.jpg','2023-02-02 03:29:13'),('U00000034','がい','3b6c412c356a14338d476887595a24531133b7b1763cae4bc64f0c770e57f5e6','@gai',NULL,'/img/icon/user.png','2023-02-02 04:24:09'),('U00000035','yoshida_OvO','d74ff0ee8da3b9806b18c877dbf29bbde50b5bd8e4dad7a3a725000feb82e8f1','@よちだ',NULL,'/img/icon/user.png','2023-02-03 02:16:28'),('U00000036','よちだ','d74ff0ee8da3b9806b18c877dbf29bbde50b5bd8e4dad7a3a725000feb82e8f1','@yochida',NULL,'/img/icon/user.png','2023-02-03 02:20:56'),('U00000037','青い鳥','d74ff0ee8da3b9806b18c877dbf29bbde50b5bd8e4dad7a3a725000feb82e8f1','@test024','わたしの一番好きなSNSです','https://skpacket.s3.ap-northeast-1.amazonaws.com/icon/U00000037.jpg?v=1','2023-02-06 04:34:45'),('U00000038','pass','d74ff0ee8da3b9806b18c877dbf29bbde50b5bd8e4dad7a3a725000feb82e8f1','@Abemaru_sql03','ｋどおｇじょ」ｇじぇｊ','https://skpacket.s3.ap-northeast-1.amazonaws.com/icon/U00000038.jpg','2023-02-06 04:48:37'),('U00000039','俺','d74ff0ee8da3b9806b18c877dbf29bbde50b5bd8e4dad7a3a725000feb82e8f1','@俺','','https://skpacket.s3.ap-northeast-1.amazonaws.com/icon/U00000039.jpg?v=1','2023-02-06 06:56:10'),('U00000040','aああああああああああ','d74ff0ee8da3b9806b18c877dbf29bbde50b5bd8e4dad7a3a725000feb82e8f1','@ki','','https://skpacket.s3.ap-northeast-1.amazonaws.com/icon/U00000040.jpg?v=1','2023-02-06 06:57:57'),('U00000041','さあああああ','d74ff0ee8da3b9806b18c877dbf29bbde50b5bd8e4dad7a3a725000feb82e8f1','@tsuchida','ウゥワ不味いッ！！！！！(曇　天　レ ス  ト  ラ  ン 宮    川   大   輔)','https://skpacket.s3.ap-northeast-1.amazonaws.com/icon/U00000041.jpg?v=1','2023-02-07 00:15:26'),('U00000042','土田','d74ff0ee8da3b9806b18c877dbf29bbde50b5bd8e4dad7a3a725000feb82e8f1','@tuchida',NULL,'https://skpacket.s3.ap-northeast-1.amazonaws.com/img/icon/user.png','2023-02-07 00:15:50'),('U00000043','お前','d74ff0ee8da3b9806b18c877dbf29bbde50b5bd8e4dad7a3a725000feb82e8f1','@c','','https://skpacket.s3.ap-northeast-1.amazonaws.com/icon/U00000043.jpg?v=1','2023-02-07 00:33:12'),('U00000044','yoshida_OvO','d74ff0ee8da3b9806b18c877dbf29bbde50b5bd8e4dad7a3a725000feb82e8f1','@',NULL,'/img/icon/user.png','2023-02-07 02:02:40'),('U00000045','aic','165f3551b7fd0c057765e292c11111d655a29c5bdcfe007da4cc301cd652cf02','@aic','','https://skpacket.s3.ap-northeast-1.amazonaws.com/icon/U00000045.jpg?v=1','2023-02-07 03:00:31'),('U00000046','dea','b8d19b6206b72bf403a0a87ab21a135a615cc8c535633000224c831d8a0eb0e3','@dea',NULL,'https://skpacket.s3.ap-northeast-1.amazonaws.com/icon/user.png','2023-02-07 03:02:31'),('U00000047','qwe','489cd5dbc708c7e541de4d7cd91ce6d0f1613573b7fc5b40d3942ccb9555cf35','@qwe','','https://skpacket.s3.ap-northeast-1.amazonaws.com/icon/U00000047.jpg?v=1','2023-02-07 03:30:26'),('U00000048','クレーイジ','d74ff0ee8da3b9806b18c877dbf29bbde50b5bd8e4dad7a3a725000feb82e8f1','@crazyKoike','','https://skpacket.s3.ap-northeast-1.amazonaws.com/icon/U00000048.jpg?v=1','2023-02-08 00:22:27'),('U00000049','わたしがきた','d74ff0ee8da3b9806b18c877dbf29bbde50b5bd8e4dad7a3a725000feb82e8f1','@Asamin','warota\r\n','https://skpacket.s3.ap-northeast-1.amazonaws.com/icon/U00000049.jpg?v=1','2023-02-08 01:32:25'),('U00000050','インスタグラム好きなユーザA','d74ff0ee8da3b9806b18c877dbf29bbde50b5bd8e4dad7a3a725000feb82e8f1','@instagram_fake','インスタグラムをリスペクトしています。','https://skpacket.s3.ap-northeast-1.amazonaws.com/icon/U00000050.jpg?v=1','2023-02-08 07:27:01'),('U00000051','<a href=\"#\">あ</a>','d74ff0ee8da3b9806b18c877dbf29bbde50b5bd8e4dad7a3a725000feb82e8f1','@<br><br><br>ほ',NULL,'https://skpacket.s3.ap-northeast-1.amazonaws.com/icon/user.png','2023-02-08 07:48:13'),('U00000052','yohohohohoooo','d74ff0ee8da3b9806b18c877dbf29bbde50b5bd8e4dad7a3a725000feb82e8f1','@yoyoyoyo',NULL,'https://skpacket.s3.ap-northeast-1.amazonaws.com/icon/user.png','2023-02-09 01:29:20'),('U00000053','おれ','d74ff0ee8da3b9806b18c877dbf29bbde50b5bd8e4dad7a3a725000feb82e8f1','@Abemarumru',NULL,'https://skpacket.s3.ap-northeast-1.amazonaws.com/icon/user.png','2023-02-09 03:29:57');
/*!40000 ALTER TABLE `user` ENABLE KEYS */;
UNLOCK TABLES;

--
-- Table structure for table `view_response`
--

DROP TABLE IF EXISTS `view_response`;
/*!40101 SET @saved_cs_client     = @@character_set_client */;
/*!50503 SET character_set_client = utf8mb4 */;
CREATE TABLE `view_response` (
  `RESPONSE_ID` varchar(20) CHARACTER SET utf8 COLLATE utf8_general_ci NOT NULL,
  `RESPONSE_CREATER` varchar(20) CHARACTER SET utf8 COLLATE utf8_general_ci NOT NULL,
  `VIEW_USER` varchar(20) CHARACTER SET utf8 COLLATE utf8_general_ci NOT NULL,
  `VIEW_LIKE` int NOT NULL DEFAULT '0',
  `VIEW_TIME` timestamp NULL DEFAULT CURRENT_TIMESTAMP,
  PRIMARY KEY (`RESPONSE_ID`,`RESPONSE_CREATER`,`VIEW_USER`),
  KEY `view_response_ibfk_3_idx` (`RESPONSE_CREATER`),
  KEY `view_response_ibfk_2_idx` (`VIEW_USER`),
  CONSTRAINT `view_response_ibfk_1` FOREIGN KEY (`RESPONSE_ID`, `RESPONSE_CREATER`) REFERENCES `response` (`RESPONSE_ID`, `RESPONSE_CREATER`),
  CONSTRAINT `view_response_ibfk_2` FOREIGN KEY (`VIEW_USER`) REFERENCES `user` (`USER_ID`) ON DELETE CASCADE ON UPDATE CASCADE
) ENGINE=InnoDB DEFAULT CHARSET=utf8mb4 COLLATE=utf8mb4_0900_ai_ci;
/*!40101 SET character_set_client = @saved_cs_client */;

--
-- Dumping data for table `view_response`
--

LOCK TABLES `view_response` WRITE;
/*!40000 ALTER TABLE `view_response` DISABLE KEYS */;
INSERT INTO `view_response` VALUES ('R000001','U00000007','U00000004',0,'2023-02-09 01:20:42'),('R000002','U00000011','U00000001',0,'2023-02-09 06:18:45'),('R000002','U00000051','U00000051',0,'2023-02-08 07:49:31'),('R000003','U00000003','U00000002',0,'2023-02-09 01:48:37'),('R000003','U00000003','U00000011',0,'2023-02-02 07:28:50'),('R000003','U00000004','U00000001',0,'2023-02-06 00:51:44'),('R000003','U00000004','U00000002',0,'2023-02-06 00:50:40'),('R000003','U00000004','U00000004',0,'2023-02-06 03:46:18'),('R000003','U00000028','U00000001',348,'2023-02-02 06:15:12'),('R000003','U00000028','U00000002',0,'2023-02-10 02:22:08'),('R000003','U00000028','U00000028',0,'2023-02-09 00:24:32'),('R000003','U00000037','U00000037',0,'2023-02-08 07:35:08'),('R000003','U00000051','U00000016',0,'2023-02-09 00:23:55'),('R000003','U00000051','U00000051',0,'2023-02-08 07:50:28'),('R000004','U00000011','U00000001',0,'2023-02-09 01:38:35'),('R000009','U00000015','U00000001',0,'2023-02-02 04:34:27'),('R000009','U00000025','U00000001',0,'2023-02-03 02:37:01'),('R000009','U00000025','U00000002',0,'2023-02-06 00:43:46'),('R000009','U00000025','U00000011',0,'2023-02-02 06:59:04'),('R000009','U00000025','U00000025',240,'2023-02-02 03:31:56'),('R000009','U00000025','U00000026',0,'2023-02-08 07:44:40'),('R000009','U00000025','U00000038',0,'2023-02-06 04:48:50'),('R000009','U00000025','U00000049',37,'2023-02-08 01:35:41'),('R000010','U00000003','U00000025',0,'2023-02-02 03:31:56'),('R000010','U00000015','U00000002',0,'2023-02-08 03:27:28'),('R000010','U00000025','U00000011',0,'2023-02-02 06:28:56'),('R000010','U00000025','U00000025',7,'2023-02-02 03:31:56'),('R000010','U00000025','U00000032',0,'2023-02-02 05:05:41'),('R000010','U00000025','U00000034',0,'2023-02-02 04:27:55'),('R000011','U00000015','U00000002',0,'2023-02-09 01:34:59'),('R000011','U00000015','U00000015',164,'2023-02-09 01:14:47'),('R000011','U00000015','U00000048',90,'2023-02-09 06:32:14'),('R000011','U00000048','U00000048',0,'2023-02-09 06:42:27'),('R000012','U00000003','U00000001',0,'2023-02-02 03:31:56'),('R000012','U00000011','U00000001',0,'2023-02-09 01:37:42'),('R000013','U00000001','U00000026',17,'2023-02-08 07:42:52'),('R000013','U00000048','U00000048',24,'2023-02-09 06:35:56'),('R000014','U00000011','U00000011',1,'2023-02-02 06:56:54'),('R000014','U00000048','U00000048',25,'2023-02-09 06:36:30'),('R000017','U00000011','U00000002',0,'2023-02-10 04:19:14'),('R000017','U00000048','U00000002',0,'2023-02-09 06:24:28'),('R000019','U00000048','U00000002',0,'2023-02-10 02:21:44'),('R000019','U00000048','U00000048',0,'2023-02-09 06:13:56'),('R000022','U00000016','U00000001',0,'2023-02-06 06:08:56'),('R000022','U00000016','U00000002',0,'2023-02-10 02:20:37'),('R000022','U00000016','U00000005',95,'2023-02-02 03:31:56'),('R000022','U00000016','U00000016',2679,'2023-02-02 03:31:56'),('R000022','U00000016','U00000018',8,'2023-02-02 03:31:56'),('R000030','U00000002','U00000003',0,'2023-02-10 02:20:04'),('R000031','U00000002','U00000003',0,'2023-02-10 02:19:11'),('R000032','U00000002','U00000002',0,'2023-02-10 02:06:28'),('R000032','U00000002','U00000003',0,'2023-02-10 04:18:00'),('R000051','U00000027','U00000027',0,'2023-02-02 03:31:56'),('R000058','U00000005','U00000001',0,'2023-02-09 01:29:51'),('R000082','U00000027','U00000027',0,'2023-02-02 03:31:56'),('R000097','U00000001','U00000001',5,'2023-02-08 07:02:31'),('R000099','U00000001','U00000026',0,'2023-02-08 07:41:04'),('R000101','U00000001','U00000001',2341,'2023-02-08 07:12:00'),('R000101','U00000001','U00000002',0,'2023-02-10 04:05:38'),('R000102','U00000001','U00000002',0,'2023-02-10 02:22:04'),('R000103','U00000001','U00000002',0,'2023-02-10 04:18:56'),('R000105','U00000001','U00000001',0,'2023-02-09 01:38:43'),('R000106','U00000001','U00000001',0,'2023-02-09 01:39:51'),('R000106','U00000001','U00000002',0,'2023-02-09 01:48:32'),('R000106','U00000001','U00000053',0,'2023-02-09 03:30:20'),('R000107','U00000001','U00000001',0,'2023-02-09 01:40:22'),('R000108','U00000001','U00000001',0,'2023-02-09 01:41:01'),('R000108','U00000001','U00000002',0,'2023-02-10 02:07:51'),('R000109','U00000001','U00000001',0,'2023-02-09 01:41:35'),('R000109','U00000001','U00000002',0,'2023-02-10 03:18:11'),('R000110','U00000001','U00000001',0,'2023-02-09 01:42:24'),('R000110','U00000001','U00000002',0,'2023-02-09 04:16:57'),('R000148','U00000027','U00000027',0,'2023-02-02 03:31:56'),('R000149','U00000027','U00000027',0,'2023-02-02 03:31:56');
/*!40000 ALTER TABLE `view_response` ENABLE KEYS */;
UNLOCK TABLES;
/*!40103 SET TIME_ZONE=@OLD_TIME_ZONE */;

/*!40101 SET SQL_MODE=@OLD_SQL_MODE */;
/*!40014 SET FOREIGN_KEY_CHECKS=@OLD_FOREIGN_KEY_CHECKS */;
/*!40014 SET UNIQUE_CHECKS=@OLD_UNIQUE_CHECKS */;
/*!40101 SET CHARACTER_SET_CLIENT=@OLD_CHARACTER_SET_CLIENT */;
/*!40101 SET CHARACTER_SET_RESULTS=@OLD_CHARACTER_SET_RESULTS */;
/*!40101 SET COLLATION_CONNECTION=@OLD_COLLATION_CONNECTION */;
/*!40111 SET SQL_NOTES=@OLD_SQL_NOTES */;

-- Dump completed on 2023-02-10 13:19:47
